id;name;lat;lon
490110200;Wien Riemergasse;48.207837;16.377303
490024500;Wien Stubentor;48.207073;16.380279
490111900;Wien Rotenturmstraße;48.210345;16.374436
490132000;Wien Stephansplatz;48.208133;16.371631
490119800;Wien Schwedenplatz;48.211747;16.377897
490061900;Wien Julius-Raab-Platz;48.211333;16.38285
490146000;Wien Weihburggasse;48.204466;16.377699
490054400;Wien Hoher Markt;48.21127;16.372054
490083800;Wien Marienbrücke;48.213257;16.377456
490074300;Wien Mitte-Landstraße;48.206048;16.384584
490015700;Wien Brandstätte;48.210264;16.370534
490001300;Wien Morzinplatz;48.213113;16.37449
490041500;Wien Graben/Petersplatz;48.209158;16.369573
490114400;Wien Salzgries;48.212808;16.372737
490041900;Wien Gredlerstraße;48.214003;16.379874
490130500;Wien Stadtpark;48.202515;16.37911
490102200;Wien Plankengasse;48.206587;16.369519
490084500;Wien Marxergasse;48.207612;16.386616
490114500;Wien Salztorbrücke;48.214003;16.373941
490052700;Wien Hintere Zollamtsstraße;48.211154;16.387057
490045700;Wien Habsburgergasse;48.207621;16.367802
490002000;Wien Albertinaplatz;48.20496;16.368539
490120300;Wien Schwertgasse;48.212313;16.369608
490119300;Wien Schwarzenbergplatz;48.201526;16.37431
490073400;Wien Kärntner Straße;48.203773;16.369797
490021300;Wien Concordiaplatz;48.213698;16.370058
490065900;Wien Karmeliterplatz;48.215756;16.380351
490091600;Wien Nestroyplatz;48.214812;16.384647
490147100;Wien Weyrgasse;48.204538;16.388207
490112900;Wien Rudolfsplatz;48.214381;16.371056
490087300;Wien Michaelerplatz;48.208304;16.366498
490103300;Wien Tiefer Graben;48.213608;16.369267
490097500;Wien Oper/Karlsplatz U;48.202299;16.369582
490109000;Wien Renngasse;48.213212;16.367604
490174500;Wien Johannes-von-Gott-Platz;48.215882;16.382409
490181300;Wien Akademietheater;48.200349;16.376674
490106300;Wien Radetzkyplatz;48.210938;16.390149
490050600;Wien Herrengasse;48.209491;16.365851
490136500;Wien Tandelmarktgasse;48.216889;16.377591
490019600;Wien Bösendorferstraße/Karlsplatz U;48.201292;16.370588
490121800;Wien Sechskrügelgasse;48.20203;16.387326
490118200;Wien Schottenring;48.216925;16.371128
490065700;Wien Karlsplatz;48.20096;16.368952
490080400;Wien Lisztstraße;48.199144;16.378517
490136900;Wien Teinfaltstraße;48.211837;16.364566
490040700;Wien Glockengasse;48.217797;16.381879
490179500;Wien Am Heumarkt;48.198641;16.376881
490104200;Wien Nestroyplatz/Praterstraße;48.216286;16.386589
490004400;Wien Am Modenapark;48.199099;16.382625
490049800;Wien Helferstorferstr.;48.213913;16.365437
490051300;Wien Hetzgasse;48.208394;16.392935
490019000;Wien Burgring;48.203926;16.363721
490110400;Wien Rochusgasse;48.202524;16.391326
490044600;Wien Gußhausstraße;48.197814;16.375155
490019500;Wien Börse;48.215558;16.366004
490189100;Wien Taborstraße;48.218974;16.380836
490034800;Wien Franzensbrücke;48.213814;16.391524
490104100;Wien Rasumofskygasse;48.205544;16.394365
490092900;Wien Ungargasse/Neulinggasse;48.199045;16.38738
490140700;Wien Unteres Belvedere;48.197175;16.380036
490118400;Wien Schottentor;48.21394;16.362264
490107100;Wien Löwengasse;48.205742;16.394913
490109400;Wien Resselgasse;48.198362;16.367667
490019300;Wien Bärenmühldurchgang;48.199513;16.366291
490019200;Wien Rathausplatz/Burgtheater;48.210443;16.360655
490083500;Wien Museumsquartier;48.202533;16.36141
490082400;Wien Leopoldsgasse;48.220242;16.376171
490142700;Wien Vivariumstraße;48.214237;16.393034
490099400;Wien Parlament;48.208682;16.360071
490165400;Wien Liechtensteinstr./Schottentor;48.2159;16.36381
490024600;Wien Ring/Volkstheater U;48.206785;16.359855
490096200;Wien Obere Donaustraße;48.219675;16.371334
490039700;Wien Geusaugasse;48.204133;16.394545
490039600;Wien Getreidemarkt;48.201814;16.362929
490099300;Wien Kundmanngasse;48.202551;16.393888
491419900;Wien Rathaus/Universität;48.212232;16.360601
490073000;Wien Kurzbauergasse;48.211864;16.396028
490143000;Wien Volkstheater;48.20514;16.357967
490143100;Wien Malzgasse;48.221114;16.377753
490154800;Wien Ziehrerplatz;48.199189;16.391605
490104000;Wien Praterstern;48.218516;16.392333
490145000;Wien Hintzerstraße;48.200367;16.393115
490060900;Wien Josef-Gall-Gasse;48.209913;16.397277
490113000;Wien Rueppgasse;48.220404;16.38596
490116900;Wien Schlickgasse;48.218606;16.364368
490179400;Wien Schmerlingplatz/Volkstheater U;48.206497;16.35821
490187500;Wien Kleine Stadtgutgasse;48.219603;16.388908
490149700;Wien Wittelsbachstraße;48.206147;16.398994
490096100;Wien Obere Augartenstraße;48.222759;16.375308
490102500;Wien Plößlgasse;48.194533;16.377132
490049400;Wien Heinestraße;48.222282;16.382337
490116800;Wien Schleifmühlgasse;48.196969;16.365644
490099600;Wien Paulanergasse;48.196034;16.367154
490012200;Wien Berggasse;48.218066;16.361734
490109100;Wien Rennweg;48.194766;16.386274
490089900;Wien Mühlfeldgasse;48.220574;16.39005
490077700;Wien Auerspergstraße;48.206866;16.355738
490034600;Wien Klinik Landstraße;48.196645;16.390859
490136600;Wien Taubstummengasse;48.193876;16.370274
490107200;Wien Rathaus;48.21003;16.355352
490119700;Wien Schwarzspanierstraße;48.21723;16.35919
490074200;Wien Landesgerichtsstraße;48.214498;16.356979
490011000;Wien Barichgasse;48.198227;16.394868
490181200;Wien Laimgrubengasse;48.199297;16.359397
490187600;Wien Volkertplatz;48.222741;16.385609
490104700;Wien Preßgasse;48.196312;16.362516
490184800;Wien Praterstern/Lassallestraße;48.219621;16.393825
490112400;Wien Roßauer Lände;48.222138;16.367505
490142100;Wien Venediger Au;48.217931;16.397035
490007500;Wien Apostelgasse;48.200492;16.398131
490172800;Wien Hainburger Straße;48.199216;16.397187
490117300;Wien Schloss Belvedere;48.191908;16.379173
490132500;Wien Stiftgasse;48.202389;16.354605
490029200;Wien Eslarngasse;48.196726;16.395884
490115200;Wien St.-Ulrichs-Platz;48.204151;16.353545
490011200;Wien Bauernfeldplatz;48.22088;16.360718
490073700;Wien Stiegengasse;48.198533;16.357257
490094100;Wien Nordbahnstraße;48.223631;16.389403
490068800;Wien Kleistgasse;48.193544;16.390607
490067000;Wien Kettenbrückengasse;48.196816;16.358992
490035900;Wien Friedensgasse;48.203252;16.402464
490005100;Wien Am Tabor;48.225105;16.38347
490174700;Wien Joseph-Roth-Gasse;48.22195;16.39423
490085900;Wien Mayerhofgasse;48.1926;16.366975
490051700;Wien Schönbrunner Straße/Kettenbrückengasse;48.194937;16.360988
490066400;Wien Kellermanngasse;48.205311;16.351567
490101700;Wien Piaristengasse;48.206353;16.351405
490073600;Wien Kölblgasse;48.191126;16.385708
490100900;Wien Perspektivstraße;48.217896;16.400909
490037100;Wien Seegasse;48.222974;16.36141
490038000;Wien Gaußplatz;48.226282;16.369905
490137500;Wien Theater in der Josefstadt;48.209589;16.350515
490123700;Wien Siebensterngasse;48.202209;16.351774
490048600;Wien Prater, Hauptallee;48.209437;16.406069
490190500;Wien Molkereistraße;48.218084;16.401116
490074700;Wien Lange Gasse;48.214974;16.350956
490012000;Wien Belvederegasse;48.190146;16.371955
490134000;Wien Strozzigasse;48.206443;16.349338
490065300;Wien Kardinal-Nagl-Platz;48.197337;16.400531
490189700;Wien Leopold-Moses-Gasse;48.22301;16.395533
490191800;Wien Krakauer Straße;48.224467;16.393196
490155900;Wien Lederergasse;48.209634;16.348762
490005600;Wien Neubaugasse;48.19829;16.350201
490075300;Wien Laudongasse;48.213248;16.349005
490081700;Wien Lukschgasse;48.202542;16.405673
490122600;Wien Sensengasse;48.2207;16.355594
490152900;Wien Ziegelofengasse;48.19242;16.36026
490060400;Wien Johann-Strauß-Gasse;48.189912;16.366112
490066200;Wien Haus des Meeres;48.197643;16.354048
490106100;Wien Rabengasse;48.194047;16.39761
490092100;Wien Neustiftgasse/Neubaugasse;48.205454;16.348978
490190600;Wien Max-Winter-Platz;48.221042;16.40037
490189200;Wien Messe-Prater;48.217788;16.4057
490092000;Wien Burggasse/Neubaugasse;48.204259;16.348951
490188100;Wien Welthandelsplatz;48.215486;16.405161
490094400;Wien Nordwestbahnstraße;48.228026;16.380971
490189800;Wien Harkortstraße;48.222183;16.399039
490034500;Wien Franz-Josefs-Bahnhof;48.225986;16.36115
490169400;Wien Klimschgasse;48.192798;16.396046
490007900;Wien Argentinierstraße;48.188537;16.376719
490088600;Wien Mommsengasse;48.188573;16.378742
490108800;Wien Westbahnstraße/Neubaugasse;48.201967;16.349059
490046100;Wien Oberzellergasse;48.191863;16.394967
490070900;Wien Jakov-Lind-Straße;48.224413;16.396315
490065400;Wien Karl-Meißl-Straße;48.228404;16.373627
490076200;Wien Lazarettgasse;48.218974;16.351756
490126700;Wien Skodagasse;48.215082;16.349104
490116500;Wien Südportalstraße;48.213212;16.407138
490030000;Wien Fasangasse;48.188411;16.385025
490190100;Wien Erlafstraße;48.22061;16.402302
490107900;Wien Rebhanngasse;48.227847;16.388261
490035700;Wien Friedensbrücke;48.227029;16.36488
490134600;Wien Quartier Belvedere;48.188024;16.381366
490101900;Wien Kolschitzkygasse;48.188132;16.37306
490076800;Wien Leibenfrostgasse;48.189957;16.36292
490106600;Wien Rainergasse;48.188726;16.368116
490144400;Wien Klosterneuburger Straße/Wallensteinstraße;48.228629;16.368341
490098900;Wien Karl-Popper-Straße;48.187422;16.379092
490169800;Wien Petrusgasse;48.192825;16.398725
490128800;Wien Spitalgasse;48.222282;16.353248
490144900;Wien Wasnergasse;48.22959;16.377249
490134900;Wien Hauptbahnhof;48.185184;16.376413
490076500;Wien Lechnerstraße;48.196636;16.404837
490082900;Wien Margaretenplatz/Schönbrunner Straße;48.19207;16.356457
490029300;Wien Esterházygasse;48.195108;16.350893
490144300;Wien Wallensteinplatz;48.229914;16.371038
490101800;Wien Pilgramgasse;48.192627;16.35448
490153200;Wien Neustiftgasse/Zieglergasse;48.205706;16.344897
490143300;Wien Vorgartenstraße;48.224089;16.401889
490033300;Wien Florianigasse;48.21279;16.345679
490083000;Wien Margaretenplatz;48.191036;16.357878
490153100;Wien Burggasse/Zieglergasse;48.204304;16.345023
490017800;Wien Brünnlbadgasse;48.215397;16.345733
490002900;Wien Nußdorfer Straße/Alserbachstraße;48.22479;16.354956
490107700;Wien Rauscherstraße;48.230759;16.375209
490075200;Wien Lassallestraße;48.223586;16.402482
490001900;Wien Albertgasse;48.210605;16.344034
490040000;Wien Heinrich-Drimmel-Platz;48.187952;16.39112
490191900;Wien Bruno-Marek-Allee;48.228458;16.392594
490062000;Wien Jungstraße;48.221087;16.405745
490153300;Wien Westbahnstraße/Zieglergasse;48.201814;16.344969
490118100;Wien Schottenfeldgasse;48.207585;16.343432
490136300;Wien Gertrude-Fröhlich-Sandner-Straße;48.185579;16.378301
490057800;Wien Innstraße;48.230516;16.386778
490113700;Wien Trabrennstraße;48.212358;16.411786
490013700;Wien Bezirksamt Margareten;48.190676;16.355001
490052300;Wien Hillerstraße;48.221132;16.407786
490011500;Wien Baumgasse;48.193292;16.404756
490028300;Wien Erdbergstr./Schlachthausgasse;48.195288;16.407974
490114800;Wien Viehmarktgasse;48.190487;16.401089
490154900;Wien Rustenschacherallee;48.201167;16.4113
490165800;Wien Lichtentaler Gasse;48.226957;16.356457
490027400;Wien Elderschplatz;48.21794;16.412253
490144000;Wien Walcherstraße;48.22604;16.401376
490003400;Wien Althanstraße;48.228835;16.35955
490119900;Wien Schlachthausgasse;48.194029;16.407453
490153000;Wien Zieglergasse;48.196969;16.345365
490090500;Wien Hauptbahnhof Ost;48.184357;16.380494
490135800;Wien Hauptbahnhof Süd;48.18433;16.375973
490038900;Wien Gerhardusgasse;48.231694;16.366255
490142500;Wien St. Marx;48.188078;16.399516
490052900;Wien Hirschengasse;48.193094;16.349158
490075500;Wien Laurenzgasse;48.185543;16.362696
490010400;Wien Bacherplatz;48.18824;16.356853
490082100;Wien Ludwig-Koeßler-Platz;48.195773;16.408972
490131500;Wien Barthgasse;48.193184;16.406779
490017000;Wien Brigittaplatz;48.232647;16.370328
490189300;Wien Krieau;48.214489;16.414123
490100200;Wien Pensionsversicherungsanstalt;48.229285;16.397565
490151000;Wien Währinger Straße-Volksoper;48.225267;16.349329
490020200;Wien Canisiusgasse;48.228044;16.354812
490016900;Wien Brigittagasse;48.233276;16.374723
490014800;Wien Blindengasse;48.210974;16.340483
490120600;Wien Schüttelstraße;48.196996;16.411318
490014500;Wien Blechturmgasse;48.184357;16.368278
490123300;Wien Siebenbrunnengasse;48.187629;16.359343
490050700;Wien Hernalser Gürtel;48.215181;16.340906
490008400;Wien Arsenal;48.183629;16.384207
490002700;Wien Alser Straße;48.21714;16.342003
490076300;Wien St. Marx/Leberstraße;48.187602;16.399605
490064400;Wien Burggasse/Kaiserstraße;48.204322;16.340034
490138500;Wien Traisengasse;48.23404;16.384171
490064500;Wien Neustiftgasse/Kaiserstraße;48.20603;16.339683
490009900;Wien Augasse;48.229707;16.357437
490064600;Wien Westbahnstraße/Kaiserstraße;48.201832;16.340528
490087400;Wien Michelbeuern-AKH;48.220988;16.343935
490061500;Wien Josefstädter Straße;48.211387;16.339162
490097400;Wien Sturgasse;48.216286;16.414582
490155800;Wien Lerchenfelder Straße;48.208412;16.339243
490148600;Wien Wildgansplatz;48.186191;16.396792
490108500;Wien Reinprechtsdorfer Brücke;48.189292;16.351423
490054700;Wien Holubstraße;48.231802;16.394563
490137200;Wien Thaliastraße;48.208565;16.338434
490156800;Wien Klaschkaweg;48.199611;16.414546
490101600;Wien Alfred-Adler-Straße;48.182433;16.381465
490129600;Wien Stadionbad;48.204403;16.416514
490017500;Wien Brückengasse;48.191305;16.347603
490021100;Wien Columbusplatz;48.182361;16.37369
490021900;Wien Dammstraße;48.234687;16.375254
490132800;Wien Stollgasse;48.198704;16.341122
490068900;Wien Kliebergasse;48.182802;16.364467
490027900;Wien Engerthstraße/Innstraße;48.233321;16.392792
490041700;Wien Grasbergergasse;48.186191;16.400423
490064300;Wien Kaiserstraße;48.196672;16.34158
490140500;Wien Sonnwendgasse;48.181498;16.379245
490187100;Wien Pierre-de-Coubertin-Platz;48.206084;16.418069
490069600;Wien Kohlgasse;48.187854;16.351594
490166700;Wien Jägerstraße;48.235236;16.369474
490108600;Wien Reinprechtsdorfer Straße/Arbeitergasse;48.186532;16.353158
490128600;Wien Spengergasse;48.184779;16.357536
490165900;Wien Linke Wienzeile/Brückengasse;48.189526;16.348421
490070500;Wien Thaliastraße U/Koppstr.;48.206174;16.336915
490073300;Wien Pensionisten-Wohnhaus Prater;48.213716;16.41824
490018800;Wien Burggasse-Stadthalle;48.202299;16.33731
490141300;Wien Urban-Loritz-Platz;48.201176;16.337607
490133900;Wien Neu Marx;48.186964;16.403929
490081300;Wien Lorenz-Böhler-Unfallkrankenhaus;48.236162;16.383299
490158300;Wien Ernst-Happel-Stadion;48.208753;16.419175
490053800;Wien Hofmannsthalgasse;48.185067;16.399911
490132300;Wien Sternwartestraße;48.229186;16.349994
490017300;Wien Neulerchenfelder Straße/Brunnengasse;48.211091;16.335944
490095000;Wien Nußdorfer Straße;48.231478;16.352889
490073200;Wien Kutschkergasse;48.226184;16.344825
490078600;Wien Liechtenwerder Platz;48.232755;16.356206
490146800;Wien Westbahnhof;48.196654;16.337652
490106200;Wien Spittelau;48.235613;16.358363
490017200;Wien Thaliastraße/Brunnengasse;48.20905;16.335431
490050000;Wien Dresdner Straße;48.23698;16.379524
490176900;Wien Nottendorfer Gasse;48.191917;16.412811
490030600;Wien Fendigasse;48.183934;16.355792
490004100;Wien Am Hundsturm;48.187683;16.348169
490189400;Wien Stadion;48.211082;16.419768
490250300;Wien Anastasius-Grün-Gasse;48.229941;16.349473
490127500;Wien Sonnenuhrgasse;48.190784;16.343944
490012400;Wien Yppengasse;48.214713;16.335665
490147000;Wien Wexstraße;48.235955;16.365887
490065800;Wien Arsenalsteg;48.180563;16.388558
490040500;Wien Glatzgasse;48.233348;16.353176
490028000;Wien Engerthstraße/Traisengasse;48.236332;16.389223
490157000;Wien Marsanogasse;48.230813;16.350722
490192000;Wien Eduardgasse;48.222723;16.340016
490098800;Wien Palffygasse;48.217626;16.336834
490133100;Wien Maria-Jacobi-Gasse;48.187287;16.407076
490023400;Wien Donauinsel;48.228997;16.410977
490156600;Wien Westbahnhof/Gerstnerstr.;48.195306;16.337823
490066600;Wien Keplerplatz;48.178136;16.376539
490291800;Wien Betriebshof Gürtel;48.230912;16.349904
490132100;Wien Hermine-Jursa-Gasse;48.189418;16.410869
490069200;Wien Gürtelbrücke;48.23724;16.365159
490084900;Wien Matzleinsdorfer Platz;48.180599;16.359145
490079200;Wien Moeringgasse;48.204061;16.334218
490170400;Wien Pasettistraße;48.237843;16.381411
490191200;Wien Hlawkagasse;48.179098;16.382975
490146200;Wien Weitlofgasse;48.230238;16.347864
490115400;Wien Scalagasse;48.182334;16.357428
490084300;Wien Martinstraße;48.226624;16.342254
490013600;Wien Laxenburger Str./Gudrunstr.;48.178361;16.373752
490028900;Wien Erdberg;48.191521;16.413997
490088300;Wien Mauthausgasse;48.18797;16.345643
490026900;Wien Einsiedlerplatz;48.185256;16.349473
490169300;Wien Allerheiligenplatz;48.2376;16.386194
490080500;Wien Litfaßstraße;48.183997;16.405538
490083300;Wien Mariahilfer Gürtel;48.192986;16.338838
490028600;Wien Erlachplatz;48.17864;16.369006
490123200;Wien Siebenbrunnenfeldgasse;48.18219;16.354623
490044800;Wien Gymnasiumstraße;48.230013;16.344744
490130000;Wien Scheugasse;48.177912;16.378652
490056900;Wien Höchstädtplatz;48.239245;16.376908
490142800;Wien Vogelweidplatz/Stadthalle;48.204214;16.332564
490082700;Wien Margaretengürtel;48.188294;16.342506
490068000;Wien Kirchstetterngasse;48.206911;16.331827
490079800;Wien Lilienthalgasse;48.178451;16.391299
490002300;Wien Allerheiligengasse;48.238786;16.386382
490027700;Wien Embelgasse;48.182694;16.352268
490147400;Wien Wielandplatz;48.177417;16.380422
490029600;Wien Evangelischer Friedhof;48.179853;16.360242
490030700;Wien Sonnleithnergasse;48.178981;16.36301
490045600;Wien Neulerchenfelder Straße/Haberlgasse;48.211702;16.331153
490037900;Wien Gaudenzdorfer Gürtel;48.187242;16.343099
490192100;Wien Johann-Nepomuk-Vogl-Platz;48.223954;16.336582
490022900;Wien Dietmayrgasse;48.239209;16.368557
490130600;Wien Staglgasse;48.194173;16.335207
490045800;Wien Beingasse;48.199405;16.332276
490027600;Wien Elterleinplatz;48.218174;16.331054
490004700;Wien Reichsbrücke;48.229833;16.412415
490177000;Wien Franzosengraben;48.18771;16.413826
490135000;Wien Hauptbahnhof Autoreisezug;48.177444;16.391839
490150900;Wien Währinger Park;48.233123;16.347234
490078300;Wien Thaliastraße/Haberlgasse;48.209877;16.330002
490188000;Wien Margaretenstraße;48.185561;16.344879
490043600;Wien Gumpendorfer Straße;48.19073;16.337562
490007700;Wien Arbeitergasse/Gürtel;48.18406;16.345958
490043800;Wien Guneschgasse;48.23653;16.353554
490105800;Wien Quellenplatz;48.175619;16.373492
490189500;Wien Marathonweg;48.208691;16.426825
490151100;Wien Adalbert-Stifter-Straße/Jägerstraße;48.240872;16.371478
490026700;Wien Eichenstraße;48.180428;16.349841
490097700;Wien Frauengasse;48.213769;16.32904
490250000;Wien Leebgasse/Siccardsburggasse;48.175961;16.370103
490172500;Wien Sechshauser Gürtel;48.188537;16.338731
490170500;Wien Handelskai;48.241798;16.385223
490109500;Wien Reumannplatz;48.174154;16.378193
490191000;Wien Absberggasse;48.175961;16.390607
490142600;Wien Vinzenzgasse;48.224997;16.334416
490088500;Wien Molitorgasse;48.181813;16.408064
490091400;Wien Neilreichgasse;48.17615;16.36559
490014900;Wien Blumengasse;48.221491;16.331728
490025400;Wien Döblinger Steg;48.240773;16.365402
490106000;Wien Knöllgasse;48.177399;16.358102
490038400;Wien Gellertplatz;48.175008;16.382643
490010100;Wien Aumannplatz;48.228161;16.336564
490159800;Wien Bernhardtstalgasse;48.17641;16.361824
490173100;Wien Donau-City Nord;48.23538;16.408163
490088100;Wien Modecenterstraße;48.188366;16.418681
490166600;Wien Lorenz-Müller-Gasse;48.242157;16.373815
490047400;Wien Hardtgasse;48.237061;16.349041
490091900;Wien Donaumarina U, Chrastekgasse;48.207765;16.428551
490019700;Wien Camillo-Sitte-Gasse;48.205005;16.327305
490120000;Wien Schweglerstraße;48.197886;16.328402
490013500;Wien Döblinger Hauptstraße/Gatterburggasse;48.238912;16.354605
490178400;Wien Döblerhofstraße;48.185435;16.415157
490043500;Wien Gräßlplatz;48.176842;16.397358
490056300;Wien Hüttenbrennergasse;48.176087;16.394805
490186800;Wien Steinhagegasse;48.184878;16.340636
490060200;Wien Johann-Nepomuk-Berger-Platz;48.213104;16.325462
490106800;Wien Rampengasse;48.240962;16.360601
490005200;Wien Fünfhausgasse;48.189085;16.33544
490044000;Wien Guntherstraße;48.202371;16.326766
490117900;Wien Schmelzbrücke;48.195899;16.329687
490070600;Wien Korbergasse;48.185984;16.338722
490120500;Wien Schüttaustraße;48.23084;16.417179
490047500;Wien Harrachgasse;48.22221;16.425324
490041100;Wien Goethehof;48.229492;16.41904
490064100;Wien Kaisermühlen-VIC;48.232341;16.415498
490146900;Wien Wolfganggasse/Steinbauergasse;48.182838;16.342398
490137400;Wien Feßtgasse;48.210596;16.325193
490120900;Wien Schödlbergergasse;48.228062;16.420865
490071200;Wien Mariahilfer Straße/Geibelgasse;48.191719;16.33171
490021500;Wien Cottagegasse;48.23386;16.341823
490174900;Wien Gasometer;48.185525;16.417764
490111500;Wien Rosensteingasse;48.2191;16.32717
490036300;Wien Friedrich-Engels-Platz;48.24427;16.37973
490028200;Wien Donaumarina;48.20612;16.430969
490120400;Wien Schüttauplatz;48.226372;16.423211
490070400;Wien Panikengasse;48.208052;16.324321
490127200;Wien Sommarugagasse;48.226166;16.331629
490144100;Wien Waldgasse;48.173012;16.380809
490000100;Wien Schrankenberggasse;48.173803;16.389807
490086100;Wien Mayssengasse;48.215999;16.325462
490043700;Wien Grenzgasse;48.193283;16.329687
490088400;Wien Mendelssohngasse;48.225402;16.424524
490008600;Wien Arthaberplatz;48.172491;16.372161
490050100;Wien Henriettenplatz;48.190173;16.331971
490091700;Wien Neue Donau Mitte;48.219945;16.42829
490012700;Wien Fernkorngasse;48.174064;16.363568
490084400;Wien Marx-Meidlinger-Straße;48.180455;16.344232
490078100;Wien Leystraße;48.24409;16.376917
490072700;Wien Kundratstraße;48.175817;16.355459
490103000;Wien Pokornygasse;48.241151;16.355495
490022500;Wien Davidgasse;48.175475;16.356331
490132400;Wien Stiegergasse;48.188069;16.333085
490037600;Wien Gatterburggasse;48.239586;16.34914
490049300;Wien Heiligenstädter Brücke;48.243874;16.36791
490011700;Wien Belgradplatz;48.17428;16.360736
490039900;Wien Zippererstraße;48.179494;16.411121
490007300;Wien Antonigasse;48.22595;16.329786
490038200;Wien Geiereckstraße;48.175035;16.399623
490082000;Wien Längenfeldgasse;48.185112;16.33536
490055600;Wien Huglgasse;48.197921;16.325193
490008200;Wien Arndtstraße;48.183772;16.337184
490051000;Wien Herzgasse;48.172419;16.365932
490034100;Wien Forsthausgasse;48.24525;16.37502
490173200;Wien Verbindungsweg;48.241294;16.403174
490042000;Wien Gregor-Mendel-Straße;48.234139;16.337778
490187200;Wien Inzersdorfer Straße/Bernhardtstalgasse;48.173156;16.361195
490174000;Wien Martin-Luther-King-Park;48.175556;16.351711
490024400;Wien Dr.-Adolf-Schärf-Heim;48.245834;16.369878
490022100;Wien Dampfschiffhaufen;48.21714;16.432227
490065200;Wien Kappgasse;48.18628;16.422771
490089700;Wien Muthgasse;48.24507;16.366175
490014400;Wien Blaasstraße;48.237114;16.341976
490146100;Wien Weinhauser Gasse;48.230247;16.331404
490047000;Wien Hans-Mandl-Berufsschule;48.181525;16.338605
490113200;Wien Rustengasse;48.19135;16.327485
490017900;Wien Brüßlgasse;48.205994;16.320707
490043900;Wien Gunoldstraße;48.244656;16.361707
490061600;Wien Leibnizgasse;48.170801;16.375335
490103900;Wien Praterbrücke;48.203396;16.434268
490001100;Wien Aignerstraße;48.246283;16.374948
490152600;Wien Simonygasse;48.227631;16.328375
490036800;Wien Flurschützstraße/Längenfeldgasse;48.17935;16.34007
490175500;Wien Antonsplatz;48.170262;16.378499
490070200;Wien Hauffgasse;48.177705;16.412775
490061800;Wien Julius-Payer-Gasse;48.234292;16.420802
490038300;Wien Geistingergasse;48.245537;16.362813
490034400;Wien Franz-Josef-Spital;48.174918;16.348888
490020800;Wien Chimanistraße;48.239533;16.343764
490048400;Wien Geiselbergstraße;48.175386;16.407192
490021700;Wien Czartoryskigasse;48.227811;16.327449
490119000;Wien Schuhmeierplatz;48.211513;16.319332
490010900;Wien Barawitzkagasse;48.24462;16.355684
490080300;Wien Linnéplatz;48.236791;16.337796
490097200;Wien Obersteinergasse;48.240584;16.34496
490139200;Wien Knöllgasse/Troststraße;48.172779;16.353707
490135100;Wien Michael-Neumann-Gasse;48.246922;16.36728
490039300;Wien Gersthof;48.231155;16.329121
490027200;Wien Eisenstadtplatz;48.16948;16.384567
490066900;Wien Familienplatz;48.213527;16.318927
490173300;Wien Donauturm;48.241996;16.408792
490015900;Wien Grimmgasse;48.18691;16.328366
490149000;Wien Wilhelminenstraße;48.216215;16.319467
490171400;Wien Holbeingasse;48.170495;16.361644
490050800;Wien Hernals, Wattgasse;48.221518;16.321309
490139300;Wien Troststraße/Neilreichgasse;48.170001;16.364395
490076000;Wien Laxenburger Str./Troststr.;48.169093;16.37057
490157300;Wien Troststraße;48.169048;16.380315
490103700;Wien Possingergasse;48.209023;16.318046
490060600;Wien Johnstraße;48.19767;16.319637
490125300;Wien Silbergasse;48.242769;16.348762
490026200;Wien Albrechtskreithgasse;48.21928;16.320464
490166800;Wien Neue Donau;48.246697;16.395246
490010300;Wien Aßmayergasse;48.17873;16.337715
490119100;Wien Ettenreichgasse/Schulzentrum;48.168581;16.37395
490109900;Wien Richthausenstraße;48.223873;16.322757
490171500;Wien Starhemberg-Kaserne;48.170882;16.357024
490179700;Wien Hotel NH Danube City;48.2352;16.422087
490189600;Wien Schipanygasse;48.201472;16.436956
490086300;Wien Meidling Hauptstraße;48.183665;16.328941
490072500;Wien Kugelfanggasse;48.246167;16.398563
490072300;Wien Krottenbachstraße;48.240054;16.340951
490166500;Wien Johnstr./Schuselkagasse;48.199396;16.319071
490061100;Wien Josef-Melichar-Gasse;48.246023;16.401044
490025100;Wien Dänenstraße;48.237096;16.334551
490093700;Wien Niederhofstraße;48.181058;16.331189
490166400;Wien Schmelz, Gablenzgasse;48.206533;16.317264
490006700;Wien Anschützgasse;48.190371;16.323053
490126300;Wien Polkorabplatz;48.174541;16.411786
490023500;Wien Floridsdorfer Brücke;48.248603;16.387866
490036400;Wien Friedstraße;48.245438;16.404639
490042500;Wien Enkplatz;48.174343;16.41531
490126400;Wien Simoningplatz;48.179188;16.420676
490089100;Wien Mooslackengasse;48.248738;16.368341
490157900;Wien Guglgasse;48.185148;16.428146
490178700;Wien Absbergbrücke;48.167718;16.386517
490049100;Wien Heiligenstadt;48.249097;16.365779
490114700;Wien Sandrockgasse;48.246805;16.399021
490001200;Wien Auf der Schmelz;48.203648;16.316617
490042400;Wien Griegstraße;48.249385;16.375335
490144700;Wien Warhanekgasse;48.244477;16.408433
490140300;Wien Unfallkrankenhaus Meidling;48.173758;16.344735
490091100;Wien Johnstraße/Märzstraße;48.196223;16.318397
490113800;Wien Saarplatz;48.245259;16.34976
490171900;Wien Siebeneichengasse;48.188717;16.323404
490033600;Wien Flotowgasse;48.240593;16.338362
490187400;Wien Stadlauer Brücke;48.200259;16.438727
490144600;Wien Gersthof, Wallrißstraße;48.232045;16.327009
490157200;Wien Graffgasse;48.168994;16.357734
490175700;Wien Gottschalkgasse/Enkplatz;48.174846;16.414582
490097600;Wien Alsegger Straße/Czartoryskigasse;48.228988;16.323692
490029000;Wien Donaustadtbrücke;48.211792;16.440129
490149400;Wien Windtenstraße;48.170504;16.35154
490030100;Wien Heiligenstadt S+U/12.-Februar-Platz;48.248926;16.362714
490121000;Wien Schöffelgasse;48.231451;16.326011
490054500;Wien Hollergasse;48.186316;16.32459
490148500;Wien Wildbadgasse;48.24445;16.410042
490095900;Wien Oberdöbling;48.244396;16.344268
490107000;Wien Rappachgasse;48.179925;16.424389
490003100;Wien Alte Donau;48.237959;16.424227
490055400;Wien Hubertusdamm;48.250769;16.392189
490108000;Wien Redtenbachergasse;48.21332;16.314693
490064200;Wien Kaisermühlenstraße;48.213248;16.440947
490101300;Wien Pfenninggeldgasse;48.207423;16.313246
490168200;Wien Hernalser Friedhof;48.224485;16.319179
490149300;Wien Winckelmannstraße;48.190056;16.320428
490139700;Wien Türkenschanzplatz;48.234948;16.327233
490128700;Wien Spinnerin am Kreuz;48.170253;16.350345
490002600;Wien Alsegger Straße;48.231685;16.324366
490007800;Wien Arbeiterinnenstrandbad;48.243236;16.414105
490132900;Wien Strandbad Alte Donau;48.241465;16.417827
490015300;Wien Borkowskigasse;48.237087;16.330622
490107800;Wien Raxstraße/Rudolfshügelgasse;48.165677;16.363487
490089500;Wien Murlingengasse;48.176266;16.335953
490055700;Wien Hugo-Wolf-Park;48.238867;16.332932
490086500;Wien Dörfelstraße;48.175511;16.335791
490025600;Wien Kraftwerk Simmering;48.183584;16.429908
490032900;Wien Fischergrund;48.21608;16.44092
490018500;Wien Bundessportbad;48.240009;16.420973
490171300;Wien Schanzstraße/Akkonplatz;48.201221;16.314532
490031900;Wien 1. Haidequerstraße Mitte;48.182496;16.429198
490130100;Wien Praterkai;48.19962;16.441127
490100800;Wien Perntergasse;48.249151;16.355028
490027300;Wien Eisstoßgasse;48.217931;16.440911
490044700;Wien Gußriegelstraße;48.166333;16.35883
490154500;Wien Zeleborgasse;48.176788;16.333858
490145900;Wien Weiglgasse;48.187054;16.321714
490032400;Wien 1. Haidequerstraße Süd;48.181238;16.428362
490131200;Wien Stefan-Fadinger-Platz;48.167844;16.354282
490076100;Wien Laxenburger Straße/Raxstraße;48.164985;16.368314
490081400;Wien Lorystraße;48.171916;16.413862
490087700;Wien Minciostraße;48.202928;16.313156
490113600;Wien Römergasse;48.216898;16.313597
490110800;Wien Rodlergasse;48.240773;16.334155
490124400;Wien Siedlung Sonnheim;48.220089;16.440893
490050500;Wien Hernals;48.223235;16.314882
490004200;Wien Am Kanal;48.170019;16.410096
490112600;Wien Haschkagasse;48.180617;16.326964
490111800;Wien Rotenmühlgasse;48.183826;16.323692
490125200;Wien Sieveringer Straße;48.246149;16.34265
490046500;Wien Haidestraße;48.179512;16.42669
490168300;Wien Kastanienallee;48.172113;16.341499
490170300;Wien Amtshaus Muthgasse;48.251713;16.369608
490115800;Wien Linzer Straße/Johnstraße;48.192447;16.31632
490005300;Wien Gesundheitszentrum Süd;48.169911;16.345131
490071800;Wien Krenngasse;48.229564;16.319673
490003000;Wien Altdorferstraße;48.168698;16.349374
490141400;Wien Urselbrunnengasse;48.164931;16.390508
490157100;Wien Clemens-Holzmeister-Straße;48.169138;16.347873
490081800;Wien Lusthaus/Aspernallee;48.1934;16.440012
490124100;Wien Siedlung Einigkeit;48.222013;16.440857
490071500;Wien Krausegasse;48.174666;16.420407
490137300;Wien Tanbruckgasse;48.177058;16.32886
490098100;Wien Ottakring;48.212026;16.311673
490029500;Wien Daumegasse;48.163933;16.374553
490046800;Wien Halteraugasse;48.251947;16.363936
490170200;Wien Boschstraße/Halteraugasse;48.251713;16.365662
490036200;Wien Obkirchergasse;48.245771;16.342003
490111200;Wien Rosasgasse;48.18166;16.324555
490126200;Wien Meidling S+U, Eichenstraße;48.174684;16.332888
490045300;Wien Lusthaus;48.19109;16.439841
490121100;Wien Schönbrunn;48.185903;16.319476
490103500;Wien Hütteldorfer Straße;48.199126;16.312212
490101500;Wien Meidling;48.174343;16.331989
490014200;Wien Bischoffgasse;48.183377;16.321993
490186500;Wien Weinheimergasse;48.21368;16.311188
490025200;Wien Döblinger Bad;48.251156;16.356979
490025300;Wien Döblinger Friedhof;48.239344;16.328582
490100500;Wien Penzinger Straße;48.190335;16.315242
490054000;Wien Hohe Warte;48.251048;16.355118
490090400;Wien Mühlwasserstraße;48.214354;16.445082
490154600;Wien Ruckergasse;48.177759;16.326514
490002800;Wien Aichholzgasse;48.180321;16.324348
490016000;Wien Braunhubergasse;48.17179;16.418672
490181600;Wien Carl-Appel-Straße;48.168769;16.344915
490074600;Wien Veitschiweg;48.226166;16.440533
490165200;Wien Wachthausgasse;48.176231;16.425989
490090900;Wien Reinlgasse/Märzstraße;48.196618;16.311997
490068300;Wien Kleehäufel;48.208016;16.445981
490044500;Wien Gutraterplatz;48.20772;16.309345
490011100;Wien Morelligasse;48.250427;16.404136
490186700;Wien Aspernallee/Schule;48.196843;16.443985
490010000;Wien Broßmannplatz;48.251983;16.398365
490175900;Wien Stillfriedplatz;48.21296;16.309794
490125700;Wien Grillgasse;48.166936;16.407345
490115300;Wien Sauerburggasse;48.246239;16.338838
490012500;Wien Theodor-Körner-Gasse;48.249717;16.40766
490292400;Wien Betriebshof Raxstraße;48.163232;16.366912
490026400;Wien Eibesbrunnergasse;48.171035;16.337463
490131700;Wien Kendlerstraße;48.204708;16.309084
490101000;Wien Peter-Jordan-Straße;48.238652;16.325966
490048500;Wien Deinleingasse;48.221806;16.443922
490171800;Wien Spittelbreitengasse;48.176006;16.329049
490071400;Wien Kratzlgasse;48.241456;16.329813
490107400;Wien Laxenburger Str./Sahulkastr.;48.163079;16.367496
490039500;Wien Gersthofer Friedhof;48.229977;16.316545
490176100;Wien Wienerberg City;48.167951;16.344717
490008800;Wien Aspernallee;48.197023;16.445199
490028700;Wien Erndtgasse;48.237321;16.322658
490012900;Wien Mühlschüttel;48.249196;16.410725
490060100;Wien Johannes-Krawarik-Gasse;48.213787;16.30868
490050200;Wien Gersthof, Herbeckstraße;48.232467;16.317498
490124900;Wien Tivoligasse;48.180572;16.321148
490102800;Wien Pohlgasse;48.178676;16.324015
490012100;Wien Benatzkygasse;48.229941;16.439607
490108400;Wien Linzer Straße/Reinlgasse;48.193283;16.31143
490071700;Wien Kreilplatz;48.254356;16.366651
490063100;Wien Kagraner Brücke;48.239362;16.430169
490075400;Wien Laurentiusplatz;48.201931;16.308311
490003300;Wien Altes Landgut;48.161659;16.383425
490030400;Wien Döblinger Friedhof/Felix-Dahn-Str.;48.240036;16.326083
490084800;Wien Matthäus-Jiszda-Straße;48.253807;16.39485
490130300;Wien Lorenz-Mandl-Gasse;48.213212;16.308221
490176000;Wien Hertha-Firnberg-Straße;48.166477;16.346362
490042800;Wien Grinzinger Straße;48.254751;16.365366
490117600;Wien Schloss Schönbrunn;48.188123;16.313237
490126000;Wien Simmering;48.170163;16.420011
490099200;Wien Paradisgasse;48.248926;16.341841
490116000;Wien Meidling, Schedifkaplatz;48.173381;16.330047
490016200;Wien Scheffelstraße;48.251659;16.405547
490114000;Wien Sahulkastraße;48.162207;16.36221
490030900;Wien Fernsprechamt Heiligenstadt;48.254077;16.359774
490084000;Wien Maroltingergasse;48.213464;16.306522
490080600;Wien Raffineriestraße/Ostbahnbrücke;48.20549;16.449136
490150800;Wien Am Europlatz;48.171439;16.333031
490112100;Wien Sandleitengasse;48.217815;16.307547
490003200;Wien Ratschkygasse;48.177597;16.323611
490054200;Wien Hohenbergstraße;48.174145;16.325921
490134400;Wien Swatoschgasse;48.165857;16.410626
490022400;Wien Daringergasse;48.246634;16.33473
490131600;Wien Steinbrechergasse;48.233591;16.438673
490008000;Wien Armbrustergasse;48.253915;16.35554
490046700;Wien Eckpergasse;48.233348;16.316554
490032000;Wien Dammhaufengasse;48.195755;16.447078
490148900;Wien Rankgasse;48.210902;16.305614
490121200;Wien Gatterholzgasse;48.17846;16.320707
490129900;Wien Stadlau;48.219172;16.448327
490044300;Wien Gustav-Pick-Gasse;48.241978;16.326262
490070800;Wien Kornauthgasse;48.160913;16.366876
490107300;Wien Ravelinstraße;48.173498;16.427112
490042900;Wien Lange Allee;48.227379;16.444525
490016600;Wien Breitensee;48.198245;16.30636
490008100;Wien Arminenstraße;48.236278;16.437585
490059700;Wien Joachimsthalerplatz;48.208843;16.304922
490034700;Wien Franz-Pletersky-Weg;48.213284;16.450709
490140600;Wien Unter der Kirche;48.172356;16.426951
490036600;Wien Frömmlgasse;48.256252;16.392126
490092500;Wien Neugebauerweg;48.253915;16.35136
490013100;Wien Franz-Eder-Weg;48.177246;16.434511
490147700;Wien Wienerbergbrücke;48.172275;16.327296
490137700;Wien Theodor-Sickel-Gasse;48.160239;16.392342
490045000;Wien Dornbach;48.226363;16.307718
490175600;Wien Simmering S+U/Kaiserebersdorfer Str.;48.169129;16.421818
490014700;Wien Blériotgasse;48.170972;16.425638
490033400;Wien Floridsdorf;48.256792;16.400298
490078400;Wien Liebknechtgasse;48.222624;16.306792
490016800;Wien Bretschneidergasse;48.254239;16.348124
490120800;Wien Schöberweg;48.230939;16.311295
490030200;Wien Diesterweggasse;48.193759;16.306333
490137600;Wien Theergasse;48.174954;16.32255
490120200;Wien Scheibenbergstraße;48.238858;16.318145
490129100;Wien Schreinerweg;48.227505;16.447239
490184600;Wien Phillipsgasse;48.189562;16.308877
490023800;Wien Siebeckstraße;48.241834;16.434654
490087900;Wien Mitterfeldgasse;48.165219;16.415247
490085800;Wien Max-Mauermann-Gasse;48.163115;16.409377
490148000;Wien Wienerfeldgasse;48.158261;16.360287
490081500;Wien Anton-Stilling-Platz;48.166657;16.41958
490019400;Wien Börnergasse;48.24756;16.331629
490092800;Wien Neulandschule;48.158773;16.387398
490123100;Wien Sickenberggasse;48.258032;16.366975
490123000;Wien Sibeliusstraße;48.159115;16.366687
490116400;Wien Schillwasserweg;48.205418;16.453325
490006100;Wien An den langen Lüssen;48.252657;16.341913
490111100;Wien Rohrhofergasse;48.17161;16.429207
490023600;Wien Donaustadtstraße;48.233681;16.443689
490191300;Wien Rosenackerstraße;48.224278;16.305848
490013400;Wien Bernoullistraße;48.240171;16.437028
490176300;Wien Steinmüllergasse;48.224422;16.306172
490056800;Wien Häußlergasse;48.238193;16.439581
490147300;Wien Wiedgasse;48.221437;16.451087
490055100;Wien Hoßplatz;48.255003;16.407849
490037800;Wien Gatterhölzl;48.17588;16.318756
490088900;Wien Montleartstraße;48.202407;16.302162
490062700;Wien Kagran;48.24347;16.433576
490005000;Wien Am Spitz;48.258203;16.397376
490037200;Wien Ottakringer Friedhof;48.214075;16.301524
490036900;Wien Fultonstraße;48.253241;16.414546
490078000;Wien Leyserstraße;48.198119;16.302387
490040400;Wien Glanzing;48.243182;16.32175
490042700;Wien Am Bahnhof;48.223945;16.451087
490100300;Wien Penzing;48.192654;16.305327
490116300;Wien Zillbauerplatz;48.208142;16.454781
490180100;Wien Stranitzkygasse;48.176024;16.318145
490031400;Wien Fickeysstraße;48.167044;16.423706
490036100;Wien Friedjunggasse;48.16503;16.41904
490095100;Wien Dückegasse;48.247344;16.427742
490039000;Wien Geringergasse;48.168005;16.425962
490169100;Wien Klinik Ottakring;48.208277;16.300427
490011800;Wien Bellevuestraße;48.248693;16.328447
490090800;Wien Männertreugasse;48.159843;16.404756
490173500;Wien Prandaugasse;48.246418;16.430151
490071100;Wien KGV Alsrückenweg;48.231694;16.308185
490025000;Wien Dunantgasse;48.260028;16.388926
490099500;Wien Patrizigasse;48.25725;16.404145
490094800;Wien Nußdorf;48.260217;16.367658
490123400;Wien Siebenbürgerstraße;48.232692;16.446538
490046400;Wien 7. Haidequerstraße;48.179125;16.442322
490069800;Wien Kollburggasse;48.218372;16.301228
490018200;Wien Grünhaufenbrücke;48.192258;16.452219
490064900;Wien Kanalstraße;48.21261;16.456031
490011600;Wien Nußdorf, Beethovengang;48.259543;16.363055
490125900;Wien Simmeringer Haide;48.177453;16.440596
490166300;Wien Otto-Weber-Gasse;48.204825;16.456166
490033100;Wien Florian-Geyer-Gasse;48.156931;16.391803
490180200;Wien Stryeckgasse;48.259381;16.396163
490095700;Wien Oriongasse;48.176302;16.439877
490004300;Wien Am Kanal/Hasenleitengasse;48.163673;16.418429
490176800;Wien Karl-Metschl-Gasse;48.223604;16.302747
490042600;Wien Grinzing;48.255488;16.342155
490176400;Wien Umlauftgasse;48.2247;16.302594
490075000;Wien Langsulzgasse;48.157928;16.399749
490129200;Wien Smolagasse;48.227415;16.451114
490133000;Wien Strandbad Stadlau;48.214507;16.456363
490103100;Wien Polgarstraße;48.231245;16.449702
490128900;Wien Vernholzgasse;48.226849;16.452013
490172600;Wien Edelsinnstraße/Schwenkgasse;48.172257;16.319736
490080000;Wien Lindenbauergasse;48.169686;16.432021
490052000;Wien Hietzing;48.187791;16.303861
490116200;Wien Schemmerlstraße/Hasenleitengasse;48.162801;16.41824
490002100;Wien Carminweg;48.253178;16.421063
490074900;Wien Langobardenstraße;48.224494;16.454736
490124500;Wien Siedlung Südost;48.156409;16.394607
490099700;Wien Paulinensteig;48.218408;16.299493
490156100;Wien Cumberlandstraße;48.192132;16.301848
490054300;Wien Hohenfelsplatz;48.174118;16.316608
490064800;Wien Kammerergasse;48.244683;16.318568
490067600;Wien Kierischitzweg;48.200025;16.457172
490018700;Wien Burgersteingasse;48.202569;16.297955
490047900;Wien Hasenleiten;48.161758;16.417872
490117000;Wien Angerer Straße;48.260441;16.399345
490150000;Wien Wohnpark Lobau;48.217509;16.45746
490028800;Wien Erzherzog-Karl-Straße;48.229564;16.453226
490024100;Wien Dornbacher Straße;48.228161;16.301875
490146400;Wien Weißenthurngasse;48.174819;16.314559
490005500;Wien Ameisgasse;48.193849;16.29952
490094300;Wien Nordbrücke;48.261143;16.395381
490139600;Wien Twarochgasse;48.23306;16.305327
490106700;Wien Rallenweg;48.20443;16.458925
490036500;Wien Frödenplatz;48.155304;16.358651
490092700;Wien Neu-Kagran;48.236494;16.447554
490067500;Wien Sanddorngasse;48.218678;16.457829
490098700;Wien Otto-Probst-Straße;48.156176;16.3551
490001400;Wien Alaudagasse;48.153892;16.382328
490047300;Wien Hardeggasse;48.220889;16.457793
490121400;Wien Schöpfwerk;48.163457;16.331665
490131800;Wien Steinlegasse;48.211648;16.296589
490147900;Wien Wienerfeld;48.154468;16.364628
490072100;Wien Kronawettergasse;48.155025;16.396091
490011900;Wien Jedlesee, Bellgasse;48.262635;16.386958
490098400;Wien Attemsgasse;48.247875;16.43425
490131300;Wien Steigenteschgasse;48.245564;16.439158
490121700;Wien Sebastian-Kohl-Gasse;48.258805;16.409601
490133700;Wien Stadlauer Friedhof;48.219873;16.458107
490038100;Wien Gaßmannstraße;48.174262;16.313066
490105600;Wien Pötzleinsdorf;48.240899;16.311197
490060700;Wien Josef-Baumann-Gasse;48.251263;16.430295
490139400;Wien Tscherttegasse;48.165075;16.327908
490176700;Wien Spinozagasse;48.224323;16.298126
490175300;Wien Franz-Schreker-Gasse;48.154045;16.363361
490126500;Wien Sindinggasse;48.153452;16.370642
490066000;Wien Karthäuserstraße;48.250544;16.323889
490118600;Wien Floridsdorfer Markt;48.262095;16.400307
490004500;Wien Am Platz;48.186056;16.301488
490033200;Wien Florian-Hedorfer-Straße;48.165614;16.431256
490015600;Wien Braillegasse;48.202713;16.295061
490143900;Wien Waidäckergasse;48.207369;16.29427
490018300;Wien Computerstraße/Gutheil-Schoder-Gasse;48.159879;16.337068
490018600;Wien Bunsengasse;48.263255;16.390994
490052600;Wien Himmelstraße;48.257232;16.337481
490157800;Wien Gadnergasse;48.159502;16.41744
490137100;Wien Tesarekplatz;48.155367;16.35065
490066500;Wien Kempfengerngasse;48.220026;16.295861
490000300;Wien Ada-Christen-Gasse;48.152832;16.386041
490037700;Wien Gattergasse;48.160841;16.422465
490157400;Wien Schemmerlstraße/Unterfeld;48.160454;16.421305
490021200;Wien Triester Str./Computerstraße;48.157632;16.342021
490127600;Wien Sonnergasse;48.167772;16.319161
490038700;Wien Genochplatz;48.229321;16.455932
490047200;Wien Hütteldorfer Str./Lützowgasse;48.197247;16.29489
490049900;Wien Hellingstraße;48.187503;16.456112
490044400;Wien Gutheil-Schoder-Gasse;48.159457;16.335845
490014600;Wien Bleibtreustraße;48.177974;16.449037
490081900;Wien Linzer Straße/Lützowgasse;48.194344;16.2956
490096000;Wien Grohnergasse;48.15694;16.343189
490039400;Wien Ehrenpreisgasse;48.218021;16.46128
490063000;Wien Kagraner Anger;48.239353;16.448696
490037000;Wien Funkengerngasse;48.215397;16.29365
490022000;Wien Dampfkraftwerk Donaustadt;48.197472;16.460921
490070100;Wien Konstanziagasse;48.228116;16.457793
490178100;Wien Undsetgasse;48.152184;16.367541
490114100;Wien Saikogasse;48.250634;16.436335
490060800;Wien Josef-Enslein-Platz;48.151852;16.37155
490133600;Wien Strehlgasse;48.246472;16.314783
490103400;Wien Portnergasse;48.244405;16.443787
490007200;Wien Anton-Störck-Gasse;48.264936;16.386364
490146700;Wien Schafberg/Werfelstraße;48.234795;16.301911
490185300;Wien Hanusch-Krankenhaus;48.198811;16.293775
490031500;Wien Filmteichstraße;48.152625;16.396846
490023300;Wien Dommayergasse;48.186451;16.298782
490184700;Wien Weinzierlgasse;48.192177;16.295753
490146300;Wien Weißenböckstraße;48.162126;16.42865
490138300;Wien Edelsinnstraße;48.170891;16.311242
490051500;Wien Heuberggasse;48.228701;16.297569
490122300;Wien Selma-Lagerlöf-Gasse;48.151079;16.376063
490068100;Wien Jungbauerweg;48.155277;16.345266
490185700;Wien Am Schöpfwerk/Eibesbrunnerg.;48.160526;16.329966
490295300;Wien Pensionisten-Wohnhaus Laaer Berg;48.15125;16.384567
490005400;Wien Ameisbachzeile;48.201328;16.292157
490015800;Wien Braungasse;48.226957;16.296095
490048900;Wien Hawlicekgasse;48.260316;16.415714
490098600;Wien Otto-Probst-Platz;48.153829;16.349023
490036700;Wien Fröschelgasse;48.251974;16.32095
490078200;Wien Lichtensterngasse;48.160122;16.330694
490086900;Wien Mergenthalerplatz;48.243398;16.446736
490059400;Wien Jeneweingasse;48.265988;16.385223
490006500;Wien Liebhartstal;48.215747;16.291906
490173700;Wien Veterinärmedizinische Universität;48.25361;16.43149
490016100;Wien Braunschweiggasse;48.18949;16.295456
490084600;Wien Matschgasse;48.208736;16.290764
490096300;Wien Oberer Reisenbergweg;48.259426;16.335737
490033900;Wien Flötzersteigbrücke;48.207189;16.290773
490148800;Wien Wilhelm-Kreß-Platz;48.160356;16.426879
490098300;Wien Ottakringer Bad;48.212547;16.290575
490055900;Wien Husarenweg;48.202713;16.464804
490014000;Wien Schierlinggrundbrücke;48.208709;16.464804
490176600;Wien Jenschikweg;48.224071;16.29338
490085600;Wien Max-Fleischer-Gasse;48.1508;16.389735
490069900;Wien Koloniestraße;48.265826;16.393268
490115500;Wien Schafbergbad;48.236207;16.301039
490143500;Wien Miriam-Makeba-Gasse;48.231748;16.458053
490180500;Wien Burgenlandgasse;48.15258;16.4033
490155400;Wien Bahnsteggasse;48.265008;16.402024
490067300;Wien Khevenhüllerstraße;48.243497;16.307062
490004800;Wien Am Schöpfwerk;48.161228;16.324608
490180400;Wien Hederichgasse;48.15276;16.405278
490076400;Wien Lebingergasse;48.204043;16.29
490132700;Wien Stockholmer Platz;48.149784;16.382382
490155100;Wien Binsenweg;48.21065;16.465865
490052500;Wien Himmelmutterweg;48.23066;16.296041
490072900;Wien Kurpark Nordeingang;48.151996;16.401727
490136400;Wien Tamariskengasse;48.216547;16.464867
490185200;Wien Eckartsaugasse;48.166603;16.315754
490096800;Wien Obergfellplatz;48.266635;16.389466
490098500;Wien Otto-Hötzl-Weg;48.221797;16.291267
490035300;Wien Freihofsiedlung;48.242526;16.450269
490067400;Wien Khleslplatz;48.162549;16.322145
490127800;Wien Donauspital;48.219559;16.465991
490189000;Wien Ignaz-Köck-Straße;48.265754;16.399273
490068700;Wien Kleingartenverein Hackenberg;48.247875;16.311781
490155000;Wien Tiroler Gasse;48.180932;16.29925
490104500;Wien Pretschgasse;48.158135;16.424209
490093000;Wien Neusteinhof;48.1572;16.332941
490003500;Wien Breitenfurter Straße/Altmannsdorfer Straße;48.165596;16.316608
490051100;Wien Hetzendorf;48.166082;16.314424
490041600;Wien Graf-Seilern-Gasse;48.171089;16.30876
490153600;Wien Seitenhafenstraße;48.182649;16.458044
490157500;Wien Schemmerlstraße;48.157506;16.423346
490063300;Wien Kagraner Platz;48.250302;16.443302
490105500;Wien Pönningerweg;48.213284;16.288553
490118800;Wien Schrekergasse;48.206407;16.288804
490096700;Wien Orchisgasse;48.212727;16.467007
490091300;Wien Nauheimergasse;48.157398;16.331458
490105700;Wien Pötzleinsdorfer Friedhof;48.245519;16.307412
490004000;Wien Am Himmelreich;48.16396;16.437891
490000700;Wien Adolf-Unger-Gasse;48.148679;16.385879
490157700;Wien Hasenleiten, Industriegebiet;48.156283;16.421386
490148700;Wien Wildpretstraße;48.177129;16.454296
490180300;Wien Kurpark Nordosteingang;48.151753;16.406383
490167800;Wien Rothenburgstraße;48.162926;16.319691
490139900;Wien Ulanenweg;48.205787;16.467528
490044200;Wien Gusenleithnergasse;48.194649;16.290054
490097300;Wien Oberwiedenstraße;48.22301;16.290665
490146600;Wien Wenzgasse;48.186955;16.293497
490062100;Wien Jura-Soyfer-Gasse;48.149182;16.39272
490047600;Wien Hartlebengasse;48.225662;16.464741
490295400;Wien Gartenschaugasse;48.149074;16.396612
490104300;Wien Predigtstuhl;48.2223;16.289299
490139800;Wien Töllergasse;48.261637;16.421359
490151400;Wien Zanaschkagasse;48.157209;16.328761
490007100;Wien Doningasse;48.25183;16.441208
490185000;Wien Breitenfurter Str./Hetzendorfer Str.;48.164455;16.315098
490065000;Wien Wulzendorfstraße;48.215316;16.468355
490157600;Wien Speditionsstraße;48.156014;16.423921
490144500;Wien Wallishaussergasse;48.225141;16.290458
490115600;Wien Schafberghöhe;48.237798;16.297884
490154400;Wien Jedlesee, Überfuhrstraße;48.269314;16.379775
490031200;Wien Feuerwache Grinzing;48.261529;16.332492
490003700;Wien Am Fasangarten;48.171259;16.304589
490097100;Wien Oberlaaer Straße;48.148013;16.361177
490054800;Wien Hopfengasse;48.269197;16.39174
490117400;Wien Schloss Hetzendorf;48.167286;16.30903
490125000;Wien Sievering;48.25423;16.317084
490112000;Wien Raffineriestr./Biberhaufenweg;48.193391;16.46698
490146500;Wien Wendstattgasse;48.147995;16.391839
490120700;Wien Schütthäufel;48.208565;16.469937
490101400;Wien Seckendorfstraße;48.19687;16.287061
490006800;Wien Anton-Bosch-Gasse;48.26944;16.387515
490152000;Wien Zentralfriedhof 1.Tor;48.159052;16.433342
490113900;Wien Sagedergasse;48.161542;16.31775
490052800;Wien Am Krautgarten;48.234795;16.461191
490063600;Wien Korbweidenweg;48.203917;16.470162
490156000;Wien Inzersdorf, Kirchenplatz;48.150045;16.347216
490148100;Wien Neulaa;48.145748;16.386481
490079700;Wien Jedleseer Friedhof;48.270186;16.383479
490017600;Wien Brünner Straße;48.267759;16.403705
490091200;Wien Naufahrtbrücke;48.199584;16.470018
490108200;Wien Reichmanngasse;48.206857;16.284831
490101200;Wien Pfarrgasse;48.149631;16.34709
490093500;Wien Neuwaldegg;48.233546;16.291097
490071600;Wien Kraygasse;48.24854;16.449271
490077800;Wien Kapellenweg;48.218794;16.470306
490093200;Wien Neustifter Friedhof 1.Tor;48.247182;16.304634
490043200;Wien Großmarktstraße;48.146521;16.367011
490069000;Wien Klimtgasse;48.172851;16.300994
490019100;Wien Burgstall;48.269943;16.361347
490000800;Wien Afritschgasse;48.247101;16.451689
490001000;Wien Neustift, Agnesgasse;48.250445;16.307565
490151700;Wien Linzer Straße/Zehetnergasse;48.194595;16.28618
490040800;Wien Gloriettegasse;48.182999;16.292059
490055300;Wien Hubert-Gsur-Gasse;48.146323;16.38898
490108700;Wien Hansl-Schmid-Weg;48.214417;16.284274
490167700;Wien Edmund-Reim-Gasse;48.162522;16.314208
490173800;Wien Vorwärtsplatz;48.258347;16.434744
490163400;Wien Seidelbastgasse;48.214246;16.47116
490029100;Wien Eselstiege;48.224395;16.286818
490088800;Wien Montecuccoliplatz;48.175242;16.297713
490025800;Wien Edelsteingasse;48.262293;16.425602
490136000;Wien Hirschstetten, Süßenbrunner Str.;48.236045;16.462323
490058000;Wien Inzersdorf Friedhof;48.147798;16.350003
490140400;Wien Unter St. Veit;48.191;16.286755
490102700;Wien Pogrelzstraße;48.243506;16.455923
490153700;Wien Zschokkegasse;48.224089;16.469236
490158000;Wien Seitenhafenbrücke;48.179422;16.461343
490033000;Wien Fichtnergasse;48.187125;16.288885
490181500;Wien Ährengrubenweg;48.253565;16.311961
490186200;Wien Anton-Sattler-Gasse;48.25423;16.44305
490186300;Wien Hirschstettner Straße;48.235362;16.462782
490017700;Wien Bergtaidingweg;48.146611;16.397313
490117700;Wien Wilhelminenberg;48.220098;16.284669
490021000;Wien Cobenzlgasse;48.263633;16.330505
490062300;Wien Jüptnergasse;48.256154;16.440524
490128100;Wien Triester Straße/Anton-Baumgartner-Straße;48.151187;16.336879
490191500;Wien Ferdinand-Platzer-Gasse;48.264837;16.420892
490030800;Wien Gspöttgraben;48.255785;16.314756
490151900;Wien Zentralfriedhof;48.15382;16.426366
490175100;Wien Marietta-Blau-Gasse;48.241393;16.459042
490071900;Wien Röntgengasse;48.225419;16.286081
490051200;Wien Freudenauer Hafenstraße;48.183089;16.465344
490123900;Wien Siedlung Blumental;48.145883;16.36141
490167900;Wien Hervicusgasse;48.16779;16.30476
490134200;Wien Sulzengasse;48.144768;16.374867
490151600;Wien Serpentingasse;48.262473;16.428218
490132200;Wien Sterngasse;48.148499;16.34354
490030300;Wien Wattmanng./Elisabethallee;48.176464;16.295214
490081200;Wien Lokomotivgasse;48.271247;16.395551
490133200;Wien Stranzenberggasse;48.172024;16.297155
490043000;Wien Großer Biberhaufen;48.202209;16.47338
490093300;Wien Neustifter Friedhof 2.Tor;48.247308;16.301461
490179900;Wien Stachegasse;48.161857;16.311655
490080100;Wien Jungnickelweg;48.157057;16.319053
490084100;Wien Marschallplatz;48.165632;16.303556
490111400;Wien Rosenhügelstraße;48.16885;16.302432
490067900;Wien Kirchfeldgasse;48.159466;16.308509
490090600;Wien Pensionistenwohnhaus Hetzendorf;48.166891;16.300194
490135200;Wien Südwestfriedhof 1.Tor;48.161767;16.303304
490119500;Wien Schwarzenhaidestraße;48.152427;16.328456
490135300;Wien Südwestfriedhof 2.& 8.Tor;48.16094;16.302944
490009600;Wien Atzgersdorfer Straße;48.170513;16.296364
490131900;Wien Steinsee;48.151978;16.320527
490042100;Wien Gregorygasse;48.157254;16.305443
490149100;Wien Willendorfer Gasse;48.151564;16.33322
490190900;Wien Melchartgasse;48.172338;16.295115
490024000;Wien Dorfmeistergasse;48.164527;16.296176
490105400;Wien Purkytgasse;48.150189;16.333679
490149900;Wien Alterlaa;48.15089;16.316977
490058500;Wien Inzersdorf Lokalbahn;48.149955;16.334407
490114900;Wien St.-Hemma-Kirche;48.172662;16.292697
490128400;Wien Siedlung Rosenhügel;48.164823;16.293173
490139000;Wien Triester Str./Sterngasse;48.149191;16.335225
490165500;Wien Emil-Behring-Weg;48.161488;16.295672
490145300;Wien Wattmanngasse;48.1709;16.29142
490095300;Wien Küniglberg/ORF-Zentrum;48.175511;16.291609
490111700;Wien Rossakgasse;48.148103;16.321606
490193700;Wien Auer-Welsbach-Straße;48.152454;16.306082
490158600;Wien Klingerstraße;48.148921;16.339908
490192400;Wien Wildgartenallee;48.159439;16.295645
490072800;Wien Kunerolgasse;48.15418;16.301974
490089800;Wien Mühlbreiten;48.149506;16.310909
490193500;Wien Atzgersdorf, Bildungscampus;48.152265;16.30094
490067700;Wien Kinskygasse/Rossakgasse;48.146171;16.330982
490004600;Wien Am Rosenhügel;48.161875;16.29089
490138900;Wien Triester Str./Rossakgasse;48.145874;16.332537
490053900;Wien Hofwiesengasse;48.170163;16.287231
490117100;Wien Schloss Alterlaa;48.148103;16.306639
490128300;Wien Preyergasse;48.173732;16.285883
490295000;Wien Speising, Gallgasse;48.16948;16.286108
490041300;Wien Goldhammergasse;48.14431;16.322757
490126900;Wien Sobotagasse;48.144202;16.3302
490016300;Wien Breiteneckergasse;48.144184;16.329418
490019900;Wien Gerbergasse;48.149838;16.29943
490117800;Wien Schluckergasse;48.158243;16.291007
490108100;Wien Pflaumengasse;48.156787;16.291196
490023100;Wien Dobrowskygasse;48.143483;16.331971
490050400;Wien Speising, Hermesstraße;48.168203;16.284022
490130400;Wien Stadlergasse;48.181579;16.285784
490129500;Wien Speising;48.173767;16.28324
490138800;Wien Traviatagasse;48.143986;16.34078
490058900;Wien Jagdschloßgasse;48.177138;16.283627
490190800;Wien Atzgersdorf, Ziedlergasse;48.151241;16.296104
490100100;Wien Pensionistenwohnhaus Rosenberg;48.159448;16.286773
490139500;Wien Tullnertalgasse;48.154117;16.291636
490061300;Wien Josef-Österreicher-Gasse;48.147321;16.301785
490000500;Wien Adamovichgasse;48.142665;16.338623
490055200;Wien Hubermanngasse;48.141262;16.33207
490028500;Wien Erlaaer Straße;48.141847;16.316536
490086700;Wien Meischlgasse;48.141433;16.323665
490027800;Wien Endemanngasse;48.153092;16.290431
490091800;Wien Neu Erlaa;48.140624;16.328015
490057000;Wien Hödlgasse;48.149182;16.295474
490032100;Wien Pfarrgasse/Traviatagasse;48.142485;16.343135
490059900;Wien Jochen-Rindt-Straße;48.146162;16.354291
490071000;Wien Klinik Hietzing;48.169138;16.279042
490074100;Wien Lamezanstraße;48.140624;16.336987
490118900;Wien Schrutkagasse;48.181552;16.280795
490017400;Wien Brunner Straße/Erlaaer Straße;48.146198;16.296814
490072400;Wien Inzersdorf, Kolpingstraße;48.1412;16.342299
490160300;Wien Herziggasse;48.140939;16.3125
490009300;Wien Atzgersdorf Kirchenplatz;48.147618;16.29427
490110000;Wien Riedelgasse;48.163268;16.279599
490100000;Wien Pensionistenwohnhaus Atzgersdorf;48.15062;16.289802
490055800;Wien Unter St. Veit, Hummelgasse;48.185678;16.281865
490170700;Wien Rossinigasse;48.184177;16.281074
490172200;Wien Ernanigasse;48.143213;16.3527
490160200;Wien Strampfergasse;48.167286;16.277361
490142200;Wien Verbindungsbahn;48.187332;16.281865
490058600;Wien Inzersdorf, Zetschegasse;48.13871;16.330371
490118300;Wien Schönwiesegasse;48.138557;16.326865
490035000;Wien Forchheimergasse;48.140957;16.307808
490022700;Wien Deißenhofergasse;48.158405;16.280166
490142400;Wien Versorgungsheimplatz;48.172869;16.276031
490138400;Wien Tolstojgasse;48.181022;16.277856
490092300;Wien Erlaaer Spitz;48.137811;16.32397
490173000;Wien Zouvalgasse;48.137901;16.322415
490009200;Wien Atzgersdorf Friedhof;48.143726;16.297928
490070000;Wien Inzersdorf, Slamastraße;48.139006;16.341598
490113400;Wien Ruzickagasse;48.152562;16.284391
490142000;Wien Veitingergasse;48.179512;16.276255
490072600;Wien Kugelmanngasse;48.141092;16.303628
490107500;Wien Ratmannsdorfgasse;48.177381;16.275896
490160400;Wien Eitnergasse;48.138611;16.312365
490069400;Wien Knotzenbachgasse;48.145362;16.293659
490009400;Wien Atzgersdorf;48.147258;16.28875
490109800;Wien Richard-Strauss-Straße;48.137739;16.338218
490069700;Wien Kolbegasse;48.144562;16.360386
490015000;Wien Hetmanekgasse;48.137316;16.316968
490041200;Wien Gogolgasse;48.18237;16.276633
490137000;Wien Tenschertstraße;48.140624;16.352502
490150500;Wien Lainz, Wolkersbergenstraße;48.176015;16.273748
490054900;Wien Horeischygasse;48.183494;16.276723
490025700;Wien Eberstorferweg;48.154647;16.280058
490172900;Wien Mantlergasse;48.19162;16.281514
490004900;Wien Am Spiegeln;48.152274;16.282197
490125500;Wien Sillerplatz;48.159591;16.276345
490136100;Wien Taglieberstraße;48.150009;16.284292
490104400;Wien Preindlgasse;48.187548;16.277325
490075900;Wien Schönbrunner Allee;48.135977;16.325157
490100700;Wien Perfektastraße;48.136804;16.313399
490158100;Wien Vera-Schwarz-Gasse;48.136363;16.338326
490024800;Wien Dr.-Schober-Straße;48.166729;16.272876
490020400;Wien Carlbergergasse;48.141218;16.297955
490178200;Wien Pensionistenwohnhaus Föhrenhof;48.165812;16.272327
490143700;Wien Wagner-Schönkirch-Gasse;48.14351;16.363361
490043400;Wien Gruschaplatz;48.195396;16.282638
490160600;Wien Stipcakgasse;48.135132;16.316473
490147500;Wien Wlassakstraße;48.177516;16.271159
490155300;Wien Ernst-Krenek-Gasse;48.135491;16.342533
490079600;Wien Liesinger-Flur-Gasse;48.136624;16.306342
490112800;Wien Rudolf-Zeller-Gasse;48.14751;16.283429
490077400;Wien Leopoldigasse;48.141712;16.291735
490022800;Wien Laxenburger Str./Heizwerkstr.;48.139608;16.358741
490162600;Wien Birostraße Mitte;48.137901;16.35368
490026100;Wien Eduard-Kittenberger-Gasse;48.136822;16.303223
490033500;Wien Joseph-Lister-Gasse;48.175143;16.269532
490162500;Wien Inzersdorf, Birostraße;48.136732;16.35145
490085300;Wien Maurer Friedhof;48.154468;16.275168
490072200;Wien Kronfußgasse;48.139438;16.359514
490110900;Wien Rohrbacherstraße;48.187683;16.273217
490095600;Wien Ober St. Veit;48.192294;16.275725
490018100;Wien Buchbindergasse;48.163709;16.269783
490162900;Wien Steinergasse;48.142242;16.288876
490041000;Wien Gobergasse;48.179215;16.268794
490005900;Wien An den Steinfeldern;48.137307;16.298117
490143800;Wien Waidhausenstraße;48.19758;16.280696
490174100;Wien Südrandstraße;48.142233;16.367145
490074400;Wien Lafitegasse;48.176195;16.267797
490178500;Wien Ober St. Veit U/F.-Boos-Gasse;48.192096;16.275087
490065500;Wien Karl-Schwed-Gasse;48.149488;16.277109
490034300;Wien Franz-Asenbauer-Gasse;48.154737;16.271257
490193800;Wien Seybelgasse;48.137595;16.294665
490059500;Wien Jenbachgasse;48.166819;16.266277
490160500;Wien Siedlung Wienerflur;48.13212;16.315071
490011300;Wien Linzer Straße/Hochsatzengasse;48.196852;16.2771
490160900;Wien Wienerflurgasse;48.131293;16.318325
490169600;Wien Hackinger Straße;48.193409;16.274305
490021400;Wien Corvinusgasse;48.144463;16.280687
490174200;Wien Heizwerkstraße;48.138566;16.364161
490040600;Wien Glawatschweg;48.163673;16.266188
490109600;Wien Reischergasse;48.174379;16.264462
490058100;Wien Inzersdorf, Großmarkt;48.13568;16.357806
490136200;Wien Talpagasse;48.13221;16.30965
490053400;Wien Hütteldorfer Str./Hochsatzengasse;48.198011;16.277397
490155600;Wien Vorarlberger Allee;48.132965;16.349841
490186900;Wien Josef-Prangl-Straße;48.134592;16.356394
490155500;Wien Tinterstr./Baumgtn. Frhf.;48.200025;16.279617
490150400;Wien Wolfrathplatz;48.187917;16.267779
490024700;Wien Dr.-Neumann-Gasse;48.138179;16.288229
490038500;Wien Gemeindeberggasse;48.18122;16.264534
490168600;Wien Greta-Keller-Gasse;48.134062;16.357158
490160700;Wien Atzlergasse;48.130053;16.315592
490149800;Wien Wittgensteinstraße;48.158764;16.266107
490006600;Wien Angermayergasse;48.184393;16.26492
490011400;Wien Baumgartner Friedhof;48.201418;16.279069
490057600;Wien Industriegelände Liesing West;48.1331;16.298027
490058200;Wien Blumental;48.138826;16.369249
490026800;Wien Einsiedeleigasse;48.183386;16.264345
490162000;Wien Sevcikgasse;48.12883;16.318325
490123500;Wien Siebenhirten;48.129891;16.309704
490132600;Wien Stock im Weg;48.180375;16.262502
490172700;Wien Siebenhirten, Basler Gasse;48.129963;16.308734
490120100;Wien Schweizertalstraße;48.187845;16.265882
490085400;Wien Maurer Hauptplatz;48.150548;16.268839
490079300;Wien Liesing Schulzentrum;48.140624;16.280391
490122800;Wien Pellmannbrücke;48.136381;16.287852
490128500;Wien Speisinger Straße;48.150512;16.269487
490024200;Wien Dostalgasse;48.159834;16.263284
490079100;Wien Liesing Friedhof;48.133622;16.293838
490141500;Wien Ursulinenkloster;48.156355;16.264839
490106500;Wien Raimannstraße;48.20452;16.281307
490033800;Wien Flötzersteig;48.203836;16.278853
490068600;Wien Kleiner Ring;48.166873;16.259832
490035800;Wien Baumgarten;48.199063;16.271491
490122000;Wien Seifertstraße;48.182217;16.261127
490079000;Wien Liesing Feuerwache;48.134044;16.290458
490115000;Wien St.-Hubertus-Platz;48.162342;16.260758
490085000;Wien Mehlführergasse;48.138278;16.281955
490177500;Wien Halban-Kurz-Straße;48.133037;16.362723
490040100;Wien Ghelengasse;48.180303;16.259509
490095200;Wien Nästlbergergasse;48.160176;16.260587
490067100;Wien Lemböckgasse;48.127779;16.307232
490112500;Wien Schartlgasse;48.137703;16.281227
490051600;Wien Heudörfelgasse;48.153263;16.26403
490094700;Wien Nowakgasse;48.126619;16.314145
490052400;Wien Himberger Straße;48.143321;16.382643
490085500;Wien Maurer Lange Gasse;48.147474;16.268183
490138200;Wien Tinterstraße;48.203243;16.275087
490104900;Wien Klinik Penzing;48.206893;16.280265
490141700;Wien Gebirgsgasse;48.151942;16.263805
490057500;Wien Liesing Industriegelände Süd;48.128435;16.302261
490057700;Wien Innocentiagasse;48.190541;16.262457
490152400;Wien Indigoweg;48.138242;16.376404
490161200;Wien Cossmanngasse;48.196843;16.267284
490074000;Wien Lainzer Tor;48.166891;16.257117
490123600;Wien Brunner Straße/Ketzergasse;48.129451;16.297955
490070300;Wien Dirmhirngasse;48.135725;16.282476
490078800;Wien Liesing;48.134808;16.284004
490161300;Wien Deutschordenstraße;48.199944;16.267455
490061000;Wien Josef-Meder-Gasse;48.129981;16.294243
490007000;Wien Anton-Krieger-Gasse;48.142818;16.270386
490172000;Wien Franz-Lehár-Gasse;48.130296;16.291852
490087500;Wien Fabergasse;48.136903;16.277199
490122700;Wien Seuttergasse;48.193247;16.262268
490066300;Wien Kellerberggasse;48.125864;16.304985
490083600;Wien Aquäduktsteg;48.137999;16.275132
490080700;Wien Löwenthalgasse;48.136004;16.278179
490099800;Wien Pellmanngasse;48.130754;16.288481
490034900;Wien Franzosenweg;48.140157;16.382796
490118500;Wien St. Veiter Tor;48.176662;16.254223
490105200;Wien Baumgartner Höhe;48.205221;16.272426
490145600;Wien Weidelstraße;48.142089;16.385834
490193600;Wien Valentingasse;48.148121;16.262727
490070700;Wien Korbgasse;48.136885;16.275078
490053600;Wien Hoferstiege;48.139096;16.271797
490003600;Wien Pfeiffenbergergasse;48.194658;16.26101
490006300;Wien An der Niederhaid;48.204133;16.269738
490178900;Wien Linzer Straße/Flötzersteig;48.20069;16.265513
490056000;Wien Hütteldorf;48.197391;16.261073
490078900;Wien Liesing Bad;48.132336;16.281442
490155200;Wien Rosiwalgasse;48.137757;16.382957
490066100;Wien Kaserngasse;48.149173;16.259167
490179000;Wien Bahnhofstraße;48.20078;16.263949
490085200;Wien Maurer Berg;48.144526;16.262277
490105300;Wien Pumgasse;48.136013;16.272138
490169500;Wien Rodaunbrücke;48.139078;16.267967
490153800;Wien Kurt-Tichy-Gasse;48.140507;16.389915
490010700;Wien Rettichgasse;48.20158;16.26225
490112700;Wien Rudolf-Waisenhorn-Gasse;48.142845;16.261432
490050900;Wien Hertlgasse;48.215253;16.280462
490079900;Wien Lindauergasse;48.144795;16.25896
490007600;Wien Aquäduktgasse;48.133721;16.272022
490111600;Wien Rosentalgasse;48.202254;16.2611
490009500;Wien An der Liesing;48.138952;16.264093
490193400;Wien An der Kuhtrift;48.145263;16.39708
490031100;Wien Feuerwache Am Steinhof;48.215334;16.278053
490063700;Wien Kaiser-Franz-Josef-Str.;48.135896;16.266763
490172100;Wien Grundäckergasse;48.139546;16.392378
490161400;Wien Wahlberggasse;48.205158;16.262493
490173400;Wien Satzberggasse;48.201832;16.258807
490161700;Wien Steinböckengasse;48.203738;16.260461
490012300;Wien Bergmillergasse;48.201373;16.256776
490056500;Wien Hämmerlegasse;48.138817;16.394275
490094900;Wien Oberlaa;48.142395;16.399552
490110700;Wien Rodauner Straße;48.138844;16.260183
490175800;Wien Savoyenstr.;48.217033;16.278044
490161500;Wien Henckellgasse;48.206272;16.260578
490082300;Wien Maireckergasse;48.135842;16.263077
490018400;Wien Hütteldorf, Bujattigasse;48.202632;16.25514
490161600;Wien Hüttelberg;48.208816;16.26154
490035500;Wien Freyenthurmgasse;48.20549;16.256758
490019800;Wien Breitenfurter Str./Willergasse;48.137963;16.257117
490014300;Wien Bischofgasse;48.13808;16.39752
490165600;Wien Willerbrücke;48.1371;16.257693
490110500;Wien Rodaun;48.132813;16.262781
490077600;Wien Leopoldsdorfer Straße;48.137963;16.399623
490150100;Wien Wolfersberggasse;48.20398;16.251886
490179200;Wien Untere Kaistraße;48.136777;16.399102
490013900;Wien Kretschekgasse;48.224646;16.28369
490149200;Wien Willergasse/Schule;48.13408;16.257216
490118700;Wien Schrammelgasse;48.225815;16.285227
490110600;Wien Hochstraße;48.13239;16.258484
490051400;Wien Heuberg;48.22604;16.283411
490141600;Wien Utendorfgasse;48.203711;16.248569
490097000;Wien Oberlaaer Platz;48.137496;16.403911
490141200;Wien Uranusweg;48.207396;16.252039
490047800;Wien Haselbrunnerstraße;48.137235;16.25114
490073500;Wien Oberlaa, Friedhof;48.138206;16.404918
490102100;Wien Plachygasse;48.226705;16.28084
490020000;Wien Campingplatz Wien-West 1;48.211279;16.253513
490087000;Wien Merkurweg;48.207657;16.249162
490114600;Wien Samptwandnergasse;48.203396;16.245198
490124300;Wien Siedlung Kordon;48.218174;16.262026
490124200;Wien Siedlung Heuberg;48.227334;16.280013
490060000;Wien Johann-Friedl-Gasse;48.137074;16.407462
490127400;Wien Sonnbergstraße;48.130215;16.254978
490102900;Wien Veletaweg;48.227972;16.280957
490056200;Wien Hütteldorfer Friedhof;48.204304;16.244649
490089000;Wien Moosgasse;48.228674;16.282764
490179600;Wien Jubiläumswarte;48.221114;16.265406
490126600;Wien Siriusweg;48.207567;16.247544
490005700;Wien Ammerweg;48.218516;16.260479
490057100;Wien Hörtengasse;48.162396;16.444498
490184400;Wien Zentralfriedhof Gruppe 11;48.154917;16.437585
490182800;Wien Zentralfriedhof Tor 11;48.151951;16.429351
490200600;Wien Schloss Neugebäude;48.161021;16.447869
490184300;Wien Zentralfriedhof Gruppe 47;48.152625;16.43505
490152100;Wien Zentralfriedhof 2.Tor;48.154558;16.442053
490184200;Wien Zentralfriedhof Gruppe 74;48.150476;16.432722
490027000;Wien Luzegasse;48.160823;16.450152
490184100;Wien Zentralfriedhof Gruppe 78;48.148283;16.430241
490068400;Wien Klebindergraben;48.160508;16.453595
490063800;Wien Kaiserebersdorfer Friedhof;48.158657;16.453927
490147200;Wien Widholzgasse;48.155834;16.451491
490182900;Wien Zentralfriedhof Mahnmal 1938/45;48.149434;16.441945
490184000;Wien Zentralfriedhof Kriegsgräber 1.WK;48.146512;16.433693
490016700;Wien Roschégasse;48.153928;16.450287
490152200;Wien Zentralfriedhof 3.Tor;48.152751;16.448803
490183000;Wien Zentralfriedhof Friedhof-Gärtnerei;48.148103;16.440399
490182300;Wien Zentralfriedhof Kindergräber;48.149892;16.44537
490147600;Wien Pfaffenaugasse;48.171152;16.460112
490099100;Wien Pantucekgasse;48.160248;16.457442
490145700;Wien Paul-Wagner-Gasse;48.16885;16.461047
490183900;Wien Zentralfriedhof Kriegsgräber;48.145487;16.435859
490183100;Wien Zentralfriedhof Halle 3/Gr. 40;48.146737;16.443113
490166900;Wien Pantucekgasse/Widholzgasse;48.154611;16.455141
490152300;Wien Zentralfriedhof 4.Tor;48.151546;16.453253
490046300;Wien 11. Haidequerstraße;48.175484;16.462692
490046900;Wien Halterlacken;48.160122;16.461352
490183800;Wien Zentralfriedhof Tor 9/Gruppe 82;48.14386;16.439194
490167000;Wien Leberberg;48.155133;16.459015
490083100;Wien Margetinstraße;48.175619;16.46609
490169900;Wien Leberweg;48.150683;16.455851
490183600;Wien Zentralfriedhof Gruppe 66;48.143995;16.445981
490183200;Wien Zentralfriedhof Gruppe 121;48.144885;16.448201
490183700;Wien Zentralfriedhof Gruppe 84;48.142476;16.442484
490168500;Wien Zentralfriedhof 9.Tor;48.141038;16.437639
490090200;Wien Mühlsangergasse;48.159978;16.465514
490152500;Wien Hauptwerkstätte;48.149757;16.458134
490183300;Wien Zentralfriedhof Gruppe 152;48.145038;16.451293
490147800;Wien Jedletzbergerstraße;48.167241;16.469452
490159900;Wien Bertl-Hayde-Gasse;48.140301;16.440551
490074500;Wien Landwehrstraße;48.169066;16.470602
490014100;Wien Alberner Hafenzufahrtsstraße West;48.173345;16.470378
490183500;Wien Zentralfriedhof Gruppe 142;48.14217;16.44786
490149600;Wien Winterhafen;48.180779;16.468858
490183400;Wien Zentralfriedhof Gruppe 147;48.143015;16.450925
490167100;Wien Svetelskystraße;48.154045;16.466189
490063900;Wien Kaiserebersdorf, Zinnergasse;48.160005;16.470737
490001700;Wien Alberner Hafenzufahrtsstr.;48.172095;16.472481
490168400;Wien Wopenkastraße;48.150872;16.46342
490029400;Wien Etrichstraße;48.148436;16.461442
490141800;Wien Valiergasse;48.157362;16.469101
490053500;Wien Hoefftgasse;48.156032;16.468148
490141100;Wien Unterlaaer Straße;48.13595;16.411957
490008700;Wien Artillerieplatz;48.163942;16.472724
490020700;Wien Hafen Freudenau;48.178604;16.472382
490079400;Wien Sebastianbrücke;48.134601;16.414474
490185400;Wien Zinnergasse/Kaserne;48.167376;16.475367
490178000;Wien Kaiserebersdorf;48.146422;16.465613
490159400;Wien Baudißgasse;48.145281;16.461236
490153500;Wien Freudenauer Hafenbrücke;48.17045;16.476652
490090700;Wien Kaiserebersdorf, Münnichplatz;48.1588;16.473865
490159200;Wien Ailecgasse;48.14093;16.455339
490066700;Wien Dreherstraße/Hoefftgasse;48.154998;16.47205
490140900;Wien Unterlaa;48.132867;16.414321
490060500;Wien Kirsteweg;48.132372;16.418348
490046600;Wien Kaiserebersdorf, Dreherstraße;48.156607;16.473704
490068500;Wien Klederinger Straße;48.131428;16.423337
490035400;Wien Kraftwerk Freudenau;48.174424;16.479133
490141000;Wien Unterlaa Stadtgrenze;48.13106;16.427256
490169200;Wien Neu-Albern;48.168734;16.480625
490158800;Wien Warneckestraße;48.165129;16.480149
490158900;Wien Fabianistraße;48.163331;16.479726
490034200;Wien Frachtenbahnhof Lobau Hafen;48.18789;16.475349
490001500;Wien Albern;48.16005;16.484931
490099000;Wien Panozzalacke;48.18095;16.485884
490001800;Wien Alberner Straße;48.156364;16.484536
490082500;Wien Mannswörther Straße;48.158612;16.490217
490080900;Wien Lobgrundstraße;48.177309;16.491736
490113100;Wien Rustenfeld Siedlung;48.124156;16.394814
490090300;Wien Mühlwasser;48.204052;16.475699
490161000;Wien Zentraltanklager;48.1781;16.494361
490084700;Wien Marderweg;48.205158;16.474611
490001600;Wien Alberner Hafen;48.158396;16.49455
490031600;Wien Finsterbuschstraße Nord;48.173462;16.497831
490017100;Wien Brockhausengasse;48.207693;16.477003
490006200;Wien An der Bien;48.206947;16.480293
490090100;Wien Mühlhäufelweg;48.209005;16.477686
490095400;Wien Finsterbuschstraße Mitte;48.17081;16.5021
490191100;Wien Niedermeierweg;48.206254;16.48325
490102400;Wien Plattensteinergasse;48.211163;16.478702
490080800;Wien Lobaugasse;48.205418;16.486792
490163300;Wien Stavangergasse;48.213122;16.475807
490150700;Wien Haßlwanderweg;48.212709;16.4788
490154300;Wien Finsterbuschstr./Öllager;48.167466;16.507521
490062400;Wien In der Au;48.209293;16.486199
490178800;Wien Aspern Sportplatz;48.213671;16.480697
490022200;Wien Danzergasse;48.20878;16.48841
490154200;Wien Ölhafen;48.166154;16.509795
490163000;Wien Trondheimgasse;48.217824;16.477119
490163500;Wien Heustadelgasse/Schule;48.214902;16.484167
490163100;Wien Aspern, Oberdorfstraße;48.217518;16.479924
490008900;Wien Asperner Heldenplatz;48.216835;16.483178
490163600;Wien Hoechlegasse;48.213698;16.489273
490029900;Wien Aspernstraße;48.222444;16.474764
490095800;Wien Aspernstraße/Oberdorfstr.;48.219846;16.481192
490124700;Wien Siegesplatz;48.217599;16.485524
490151200;Wien Zachgasse;48.217131;16.487304
490163700;Wien Jägermaiszufahrt;48.212268;16.495386
490163800;Wien Heustadelgasse;48.210695;16.497201
490047700;Wien Haschafeld;48.225204;16.475187
490163900;Wien Auspitzgasse;48.209751;16.500231
490031800;Wien Löschniggasse;48.222759;16.480535
490164600;Wien Goldregengasse;48.221114;16.484446
490041400;Wien Gotthelfgasse;48.227271;16.472688
490165000;Wien Aurikelweg;48.220808;16.486252
490045500;Wien Haberlandtgasse;48.21883;16.489929
490081100;Wien Lohwaggasse;48.21723;16.492931
490164000;Wien Mühlau;48.209329;16.503278
490174600;Wien Soldanellenweg;48.22026;16.48841
490164700;Wien Pilotengasse;48.220395;16.488113
490005800;Wien Amongasse;48.230184;16.469452
490031700;Wien Billgasse;48.22444;16.483358
490127000;Wien Contiweg;48.230678;16.470207
490164100;Wien Leidlweg;48.208232;16.507072
490114300;Wien Saltenstraße;48.216547;16.498082
490164400;Wien Haengasse;48.20932;16.506829
490164800;Wien Reglergasse;48.223442;16.488446
490053200;Wien Hirschstetten;48.232665;16.468238
490164200;Wien Dumreichergasse;48.207225;16.510523
490181400;Wien Im Gestockert;48.206299;16.511359
490108300;Wien Eßling, Wegmayersiedlung;48.202119;16.514964
490053000;Wien Hirschstetten Ort;48.234831;16.466243
490088000;Wien Mittleres Hausfeld;48.227361;16.484643
490164300;Wien Arztgasse;48.20878;16.510505
490171000;Wien Kaposigasse;48.202227;16.516681
490033700;Wien Flugfeldstraße;48.215657;16.50433
490006000;Wien An den alten Schanzen;48.226381;16.489848
490140100;Wien Bambergergasse;48.206183;16.515476
490038600;Wien Opelwerk;48.217716;16.503125
490103800;Wien Fritz-Feigl-Weg;48.234436;16.472229
490009800;Wien Auernheimergasse;48.203144;16.51811
490192500;Wien Lavendelweg;48.225779;16.4933
490053100;Wien Blumengärten Hirschstetten;48.235874;16.471708
490164500;Wien Ultzmanngasse;48.206066;16.518497
490075100;Wien Lannesstraße;48.214686;16.510416
490134100;Wien Johann-Kutschera-Gasse;48.224979;16.496779
490010800;Wien Duchekgasse;48.209185;16.517544
490063200;Wien Kagraner Friedhof;48.253709;16.446125
490093800;Wien Forstnergasse;48.247632;16.453936
490083900;Wien Markomannenstraße;48.250185;16.45453
490186000;Wien Rennbahnweg;48.257358;16.449451
490167200;Wien Franz-Eduard-Matras-Gasse;48.256603;16.451213
490167300;Wien Theodor-Kramer-Str.;48.255695;16.454089
490023200;Wien Zehdengasse;48.259489;16.438178
490168700;Wien Panethgasse/Sebaldgasse;48.259075;16.448911
490167400;Wien Hochmuthgasse;48.254967;16.456489
490153900;Wien Ludwig-Reindl-Gasse;48.251659;16.460534
490057200;Wien Senekowitschgasse;48.254221;16.458907
490165700;Wien Martin-Gaunersdorfer-Gasse;48.2609;16.451455
490170100;Wien Hilde-Hannak-Gasse;48.24391;16.461316
490178600;Wien Gewerbepark Stadlau;48.245609;16.462818
490121600;Wien Sebaldgasse;48.262383;16.446943
490077300;Wien Leopoldauer Straße;48.262392;16.436147
490105000;Wien Puchgasse;48.260145;16.455069
490055000;Wien Hosnedlgasse;48.254985;16.461802
490077100;Wien Leopoldauer Platz;48.263399;16.440929
490078500;Wien Tillmanngasse;48.258743;16.458566
490027100;Wien Eipeldauer Straße;48.263075;16.436587
490169000;Wien Kefedergrundgasse;48.262788;16.432416
490095500;Wien Lieblgasse;48.257646;16.461802
490015500;Wien Maculangasse/Wagramer Straße;48.262491;16.453685
490082200;Wien Maculangasse;48.261493;16.455995
490185800;Wien Aderklaaer Straße;48.26357;16.451635
490170000;Wien Zwerchäckerweg;48.249645;16.467231
490058400;Wien Hosnedlgasse/Lieblgasse;48.257412;16.463402
490115100;Wien St.-Michael-Gasse;48.266617;16.439491
490173900;Wien Gewerbepark Kagran;48.251605;16.469245
490138600;Wien Voitgasse;48.262455;16.460957
490129000;Wien Spitzweg;48.264846;16.456211
490127700;Wien Sorgenthalgasse;48.266078;16.432075
490159500;Wien Süßenbrunner Straße/Oberfeldgasse;48.243029;16.468759
490061700;Wien Julius-Ficker-Straße;48.267058;16.448273
490059200;Wien Obachgasse;48.260459;16.464786
490112200;Wien Rautenweg;48.262024;16.464517
490171600;Wien Niedermoserstraße;48.264819;16.459132
490159600;Wien Jakob-Bindel-Platz;48.246616;16.472355
490145100;Wien Wassermanngasse;48.268379;16.448588
490023900;Wien Dopschstraße;48.269242;16.438825
490049500;Wien Heinrich-von-Buol-Gasse;48.267076;16.428227
490074800;Wien Langfeldgasse;48.26979;16.443212
490185900;Wien Großfeldsiedlung;48.270635;16.448075
490096400;Wien Tierquartier;48.251641;16.475591
490159700;Wien Korianderweg;48.249106;16.474908
490018000;Wien Bubergasse;48.270455;16.451473
490121300;Wien Hertha-Kräftner-Gasse;48.269467;16.431517
490032500;Wien Giefinggasse;48.268244;16.425899
490096600;Wien Oberfeldgasse/Spargelfeldstr.;48.241258;16.473488
490167500;Wien Schillingstraße;48.26054;16.470881
490181000;Wien Süßenbrunner Straße/Breitenleer Straße;48.25103;16.476904
490191700;Wien Paukerwerkstraße;48.269871;16.426636
490030500;Wien Felmayergasse;48.271957;16.432039
490045400;Wien Haberditzlgasse;48.271849;16.453361
490089300;Wien Moritz-Dreger-Gasse;48.27317;16.442277
490191600;Wien Kaisergrund/Franz-Sebek-Straße;48.268415;16.420505
490158500;Wien Lichtblaustraße;48.268172;16.465631
490013800;Wien Bibernellweg;48.247254;16.479097
490185100;Wien Franz-Sebek-Straße;48.269772;16.423049
490089600;Wien Murraygasse;48.236422;16.474638
490008300;Wien Breitenleer Straße/Arnikaweg;48.251443;16.479861
490026300;Wien Egon-Friedell-Gasse;48.273889;16.436416
490161900;Wien Kalmusweg;48.250203;16.480275
490096500;Wien Ziegelhofstraße/Oberfeldgasse;48.239928;16.478036
490125400;Wien Percostraße;48.269646;16.464058
490065100;Wien Kapellergasse;48.248845;16.483547
490168000;Wien Badeteich Hirschstetten;48.242886;16.480724
490191400;Wien Neu Leopoldau;48.273044;16.426276
490124800;Wien Siemensstraße;48.270833;16.420254
490040300;Wien Gladiolenweg;48.237546;16.479052
490175400;Wien Rudolf-Hausner-Gasse;48.265673;16.473695
490168100;Wien Kolletschkagasse;48.239074;16.479987
490188400;Wien Frohes-Schaffen-Weg;48.275867;16.44101
490098000;Wien Oswald-Redlich-Straße;48.275013;16.453837
490127900;Wien Breitenleer Straße/Spargelfeldstraße;48.251479;16.483052
490104800;Wien Prinzgasse;48.239874;16.481731
490102300;Wien Karl-Bednarik-Gasse;48.245501;16.483214
490188600;Wien Tauschekgasse;48.275435;16.434196
490186100;Wien Kürschnergasse;48.276209;16.446277
490167600;Wien Hermann-Gebauer-Straße;48.267264;16.474567
490188500;Wien Rosannagasse;48.277018;16.445936
490009000;Wien Frederick-Loewe-Weg;48.238049;16.481632
490113300;Wien Ruthnergasse;48.272271;16.418114
490076900;Wien Leopoldau;48.277728;16.449846
490128000;Wien Spargelfeldstraße/Rautenweg;48.254158;16.484589
490151500;Wien Pirquetgasse;48.240333;16.483619
490003800;Wien Zanggasse;48.238804;16.484446
490121500;Wien Scottgasse;48.274671;16.420766
490000600;Wien Adolf-Loos-Gasse;48.277395;16.454197
490062200;Wien Justgasse;48.275993;16.421476
490187800;Wien Pichlgasse;48.250922;16.488473
490152700;Wien Breitenleer Straße/Ziegelhofstraße;48.251371;16.488725
490188700;Wien Petritschgasse;48.279597;16.43523
490059600;Wien Scheedgasse;48.240575;16.487574
490099900;Wien Marco-Polo-Promenade;48.277332;16.423049
490126800;Wien Skraupstraße;48.274123;16.413916
490152800;Wien Am Rain;48.253664;16.489884
490003900;Wien Am Heidjöchl;48.237079;16.487898
490188800;Wien Leopoldau, Betriebsgarage;48.28029;16.430385
490048700;Wien Hausfeldstraße;48.233537;16.487044
490140800;Wien Breitenlee, Rautenweg;48.255983;16.490379
490177200;Wien Skraupstraße/Justgasse;48.276667;16.415283
490169700;Wien Carabelligasse/Ruthnergasse;48.279687;16.424712
490122900;Wien Shuttleworthstraße;48.271543;16.405871
490092200;Wien Neubreitenlee;48.239802;16.49045
490187300;Wien Kainachgasse;48.281773;16.4483
490016400;Wien Breitenlee Friedhof;48.251165;16.492914
490188900;Wien Großbauerstraße;48.280982;16.426115
490100400;Wien Pfalzgasse;48.240458;16.491556
490075800;Wien Lavantgasse/Schule;48.282231;16.450269
490013000;Wien Berzeliusgasse;48.275651;16.410491
490058700;Wien Lafnitzgasse;48.28153;16.456381
490082800;Wien Ostbahnbegleitstraße;48.233393;16.488086
490177300;Wien Lackenjöchelgasse;48.243362;16.493003
490119200;Wien Schwanngasse;48.279903;16.41913
490097900;Wien Wagramer Straße/Ostbahn;48.27531;16.476418
490075700;Wien Pulkaugasse;48.282915;16.45328
490053300;Wien Fuchsienweg;48.258527;16.492626
490059300;Wien Trillergasse;48.273844;16.403183
490043100;Wien Großjedlersdorf;48.276505;16.408577
490000200;Wien Achengasse;48.284461;16.448929
490185600;Wien Iselgasse;48.283454;16.45693
490192700;Wien Edergasse;48.277701;16.409125
490056100;Wien Pelargonienweg;48.256657;16.495619
490016500;Wien Breitenlee Ort;48.251192;16.497588
490020100;Wien Campingplatzweg;48.275741;16.480562
490024900;Wien Draugasse;48.285467;16.438628
490062800;Wien Hagedornweg;48.232773;16.492599
490020300;Wien Carabelligasse;48.280218;16.410806
490154000;Wien Grellgasse;48.28598;16.434609
490058800;Wien Oleandergasse;48.255192;16.497768
490048300;Wien Haspingerplatz;48.277368;16.405098
490164900;Wien Kornblumenweg;48.229168;16.492113
490177400;Wien Ginsterweg;48.254527;16.499008
490021800;Wien Dahliengasse;48.286915;16.444902
490077200;Wien Resedaweg;48.233932;16.494828
490002400;Wien Allissen;48.286357;16.430681
490054600;Wien Kollarzgasse;48.285458;16.425665
490107600;Wien Ratzenhofergasse;48.284092;16.419472
490059100;Wien Jedlersdorf;48.273179;16.396882
490110300;Wien Schippergasse;48.283634;16.417809
490081600;Wien Margeritenweg;48.231901;16.494253
490125800;Wien Schukowitzgasse;48.239263;16.498918
490072000;Wien Podhagskygasse;48.240431;16.49944
490057400;Wien Illgasse;48.28793;16.447922
490166000;Wien Mitterhofergasse;48.277863;16.402464
490175200;Wien Breitenlee Schule;48.251246;16.501489
490162700;Wien Jedlersdorfer Platz;48.281287;16.408676
490038800;Wien Brünner Straße/Hanreitergasse;48.284146;16.413008
490012800;Wien Bernreiterplatz;48.281404;16.406347
490180900;Wien Fuchsenzeile;48.240288;16.501696
490059800;Wien Großjedlersdorf, Jochbergengasse;48.279975;16.400747
490180800;Wien Kieslerweg;48.238598;16.503026
490047100;Wien Empergergasse;48.286303;16.414177
490010500;Wien Badeteich Süßenbrunn;48.277737;16.487808
490162100;Wien Toni-Fritsch-Weg;48.285054;16.409628
490149500;Wien Winkeläckerstraße;48.273242;16.389933
490000900;Wien Agavenweg;48.251102;16.506478
490086200;Wien Mayredergasse;48.238175;16.504474
490154100;Wien Ödenburger Straße/Schulzentrum;48.282096;16.401736
490091000;Wien Aspern Nord;48.234615;16.504087
490013200;Wien Anton-Schall-Gasse;48.289018;16.415714
490131400;Wien Steinamangergasse;48.28358;16.40268
490013300;Wien Bettelheimstraße;48.278995;16.492491
490130700;Wien Stallarngasse;48.282816;16.487673
490135900;Wien Süßenbrunner Platz;48.277665;16.495404
490162200;Wien Gschweidlgasse;48.289584;16.41077
490010200;Wien Autokaderstraße;48.277449;16.388009
490135700;Wien Süßenbrunn;48.285216;16.484518
490134500;Wien Hannah-Arendt-Platz;48.2247;16.501525
490115900;Wien Schattenfrohgasse;48.287409;16.48192
490141900;Wien Van-Swieten-Kaserne;48.293171;16.418096
490130900;Wien Stammersdorf Zentralfriedhof;48.296308;16.436219
490037500;Wien Salvigasse;48.296443;16.433504
490158700;Wien Maria-Trapp-Platz;48.223873;16.505067
490138100;Wien Tilakstraße;48.296704;16.427886
490087200;Wien Meyerbeergasse;48.272424;16.378031
490168800;Wien Weingartenallee;48.282195;16.49632
490162300;Wien Kummergasse;48.294241;16.413341
490094200;Wien Seestadt;48.22639;16.508474
490193000;Wien Ilse-Buck-Straße;48.23128;16.511908
490130800;Wien Stammersdorf;48.297648;16.420362
490162800;Wien Dattlergasse;48.295859;16.414285
490192900;Wien Käthe-Recheis-Gasse;48.228665;16.512285
490151300;Wien Zallingergasse;48.274905;16.375263
490104600;Wien Christine-Touaillon-Straße;48.223163;16.510263
490186600;Wien Stammersdorfer Straße/Brünner Straße;48.298718;16.420766
490168900;Wien Sportpark Süßenbrunn;48.285557;16.499125
490162400;Wien Josef-Flandorfer-Straße;48.298798;16.415651
490154700;Wien Karl-Lothringer-Straße;48.299913;16.418752
490119600;Wien Voltelinistraße;48.277188;16.373429
490133300;Wien Strebersdorf;48.285827;16.381312
490122100;Wien Seiseneggergasse;48.231029;16.520268
490050300;Wien Heringgasse;48.234319;16.521589
490113500;Wien Rußbergstraße;48.287427;16.383137
490035200;Wien Freiheitsplatz;48.301432;16.416245
490137800;Wien Agrarweg;48.249744;16.52594
490150600;Wien Schwarzlackenau;48.277045;16.370013
490156700;Wien Scheydgasse/Autokaderstraße;48.285234;16.379263
490177700;Wien Mühlweg;48.293729;16.392504
490069300;Wien Lehenstraße;48.23093;16.522704
490026000;Wien Strebersdorf, Edmund-Hawranek-Platz;48.291409;16.386544
490133800;Wien Strohbogasse;48.2842;16.376458
490144800;Wien Röbbelinggasse;48.235685;16.524816
490086800;Wien Memlinggasse;48.228404;16.521742
490076700;Wien Himmelteich;48.225545;16.520627
490142900;Wien Vohburggasse;48.283607;16.374184
490131000;Wien Liebleitnergasse;48.301945;16.410339
490156900;Wien Meriangasse;48.291409;16.384558
490130200;Wien Segelzentrum Nord;48.278645;16.367981
490101100;Wien Pfarrer-Matz-Gasse;48.301711;16.406231
490053700;Wien Hofherr-Schrantz-Gasse;48.282986;16.371676
490192600;Wien Hagenbrunner Straße;48.302178;16.406437
490133500;Wien Strebersdorfer Platz;48.295652;16.388944
490022300;Wien Daphneweg;48.244351;16.530246
490006900;Wien Anton-Böck-Gasse;48.296398;16.38978
490081000;Wien Lohnergasse;48.282312;16.368943
490055500;Wien Huflattichweg;48.247083;16.53101
490109300;Wien Asparagusweg;48.242139;16.530614
490002200;Wien Algenweg;48.2488;16.531477
490092400;Wien Neueßling;48.249169;16.532466
490174400;Wien Erbpostgasse;48.308147;16.426744
490023000;Wien Dirnelwiese;48.293027;16.379263
490171100;Wien Kahlergasse;48.213455;16.516294
490086000;Wien Mayerweckstraße;48.29389;16.381258
490138000;Wien Thujagasse;48.253807;16.534426
490170900;Wien Viktor-Wittner-Gasse;48.211261;16.517787
490068200;Wien Kirschenallee;48.214489;16.519531
490063500;Wien Kahlenbergerdorf;48.27451;16.356664
490190300;Wien Langenzersdorfer Straße;48.298169;16.384827
490128200;Wien Speierlinggasse;48.258644;16.536331
490111300;Wien Krautackergasse;48.230588;16.533725
490057900;Wien Invalidensiedlung;48.261493;16.536098
490046200;Wien Stammersdorfer Kellergasse;48.307374;16.40339
490145500;Wien Wehrbrücklstraße;48.224835;16.531504
490094500;Wien Ernst-Vasovec-Gasse;48.296533;16.376755
490029700;Wien Eßling Schule;48.214093;16.526362
490077000;Wien Wehrbrücklstraße/Gernotgasse;48.219666;16.529212
490076600;Wien Rosenbergstraße;48.217905;16.528529
490150200;Wien Wolfgang-Mühlwanger-Str.;48.23048;16.537203
490116600;Wien Schlachthammerstraße;48.212142;16.52407
490153400;Wien Zifferergasse;48.226993;16.535828
490136800;Wien Teiläckergasse;48.233456;16.538372
490172400;Wien Simonsgasse;48.215729;16.528052
490093900;Wien Niklas-Eslarn-Straße;48.224682;16.534956
490025500;Wien Dörmanngasse;48.222669;16.534147
490039100;Wien Gernotgasse;48.219738;16.533041
490029800;Wien Eßling Friedhof;48.216259;16.531648
490148400;Wien Wiethestraße;48.208286;16.523764
490122400;Wien Senderstraße;48.311428;16.401071
490166200;Wien Seefeldergasse;48.212691;16.529616
490121900;Wien Rosalia-Chladek-Gasse;48.211702;16.529005
490159000;Wien Raphael-Donner-Allee;48.20603;16.523459
490056700;Wien Hänischgasse;48.231874;16.542956
490170800;Wien Mühlhäufelgasse;48.208241;16.526731
490118000;Wien Schoeppelgasse;48.219559;16.53794
490090000;Wien Mühlhäufel;48.203198;16.522173
490000400;Wien Adam-Betz-Gasse;48.215576;16.535468
490102600;Wien Podlahagasse;48.210938;16.53332
490077500;Wien Leopoldsberg;48.278923;16.344313
490023700;Wien Donauwarte;48.28456;16.345976
490028100;Wien Englisch-Feld-Gasse;48.209814;16.536331
490042200;Wien Eßling, Schippanisiedlung;48.219379;16.544296
490022600;Wien Deindorfstraße;48.216925;16.543235
490078700;Wien Lieglerstraße;48.214327;16.542129
490063400;Wien Kahlenberg;48.276271;16.33696
490044100;Wien Eßling, Stadtgrenze;48.208448;16.539945
490143600;Wien Wagenwiese;48.265673;16.327674
490061400;Wien Elisabethwiese;48.281009;16.334272
490093400;Wien Neustifter Friedhof 3.Tor;48.246823;16.298387
490093100;Wien Neustift am Walde;48.250994;16.30156
490020600;Wien Celtesgasse;48.251758;16.297119
490020900;Wien Cobenzl Parkplatz;48.263992;16.321435
490180600;Wien Neuwaldegger Straße;48.236926;16.287861
490114200;Wien Salmannsdorf;48.252153;16.293506
490039200;Wien Geroldgasse;48.239119;16.283537
490142300;Wien Grabengasse;48.230103;16.283357
490067200;Wien Keylwerthgasse;48.250886;16.288436
490071300;Wien Krapfenwaldgasse;48.268748;16.324258
490041800;Wien Grasgasse;48.229887;16.282242
490087800;Wien Mitterberg;48.231245;16.28182
490008500;Wien Artariastraße;48.242445;16.281343
490093600;Wien Marswiese;48.240396;16.279905
490125100;Wien Jägerhaus;48.263992;16.301075
490084200;Wien Schwarzenbergallee;48.240144;16.277676
490048800;Wien Dreimarkstein;48.258419;16.287501
490124600;Wien Promenadeweg;48.250643;16.281056
490111000;Wien Sieveringer Str./Rohrerwiese;48.263947;16.294602
490180000;Wien Höhenstraße/Rohrerwiese;48.266806;16.296337
490156400;Wien Exelbergstraße/Parkplatz;48.244045;16.270089
490182200;Wien Hanslteich;48.237654;16.269118
490134300;Wien Sulzwiese;48.277359;16.320015
490052100;Wien Obere Waldandacht;48.253043;16.273595
490156500;Wien Rohrerhüttenweg;48.245753;16.263419
490156300;Wien Exelbergsiedlung;48.244234;16.259661
490182100;Wien Schottenwald;48.230579;16.25816
490056600;Wien Hänflingweg;48.218282;16.25754
490027500;Wien Elsbeergasse;48.21848;16.254403
490044900;Wien Günselgasse;48.216799;16.255104
490024300;Wien Dostgasse;48.220152;16.253171
490066800;Wien Kerbelgasse;48.21741;16.249755
490124000;Wien Karl-Bekehrty-Straße;48.218803;16.248632
490026600;Wien Eichbachgasse;48.22195;16.247292
490062500;Wien Jägerwaldsiedlung;48.223855;16.246348
490140000;Wien Ulmenstraße;48.216242;16.249054
490018900;Wien Campingplatz Wien-West 2;48.214507;16.249549
490182500;Wien Haidersberggasse;48.224359;16.24331
490025900;Wien Edenstraße;48.214803;16.24633
490048200;Wien Haspelmeistergasse;48.217752;16.244164
490094000;Wien Nikolaus-Pytty-Gasse;48.222624;16.241764
490089400;Wien Moschingergasse;48.219711;16.240577
490069500;Wien Knödelhüttenstraße;48.220889;16.239148
490088700;Wien Mondweg;48.207926;16.243849
490156200;Wien Pfarrwiesenstraße;48.209527;16.241467
490131100;Wien Stammhausstraße;48.211333;16.239346
490035100;Wien Freesienweg;48.204484;16.242897
490110100;Wien Riedstraße;48.210515;16.238726
490002500;Wien Alois-Behr-Straße;48.205841;16.241216
490040900;Wien Glossystraße;48.212376;16.236083
490097800;Wien Oskar-Simony-Straße;48.211064;16.235984
